{
	"parent": "block/thin_block",
	"textures": {
		"particle": "block/oak_trapdoor"
	},
	"elements": [
		{
			"name": "Top",
			"from": [3, 0, 0],
			"to": [13, 3, 3],
			"faces": {
				"north": {"uv": [3, 16, 13, 13], "texture": "#particle", "cullface": "south"},
				"south": {"uv": [3, 16, 13, 13], "texture": "#particle", "cullface": "south"},
				"up": {"uv": [3, 0, 13, 3], "texture": "#particle"},
				"down": {"uv": [3, 13, 13, 16], "texture": "#particle", "cullface": "down"}
			}
		},
		{
			"name": "Bottom",
			"from": [3, 0, 13],
			"to": [13, 3, 16],
			"faces": {
				"north": {"uv": [3, 16, 13, 13], "texture": "#particle", "cullface": "south"},
				"south": {"uv": [3, 16, 13, 13], "texture": "#particle", "cullface": "south"},
				"up": {"uv": [3, 13, 13, 16], "texture": "#particle"},
				"down": {"uv": [3, 0, 13, 3], "texture": "#particle", "cullface": "down"}
			}
		},
		{
			"name": "Left",
			"from": [0, 0, 0],
			"to": [3, 3, 16],
			"faces": {
				"north": {"uv": [13, 16, 16, 13], "texture": "#particle", "cullface": "north"},
				"east": {"uv": [0, 16, 16, 13], "texture": "#particle"},
				"south": {"uv": [0, 16, 3, 13], "texture": "#particle", "cullface": "south"},
				"west": {"uv": [0, 16, 16, 13], "texture": "#particle", "cullface": "west"},
				"up": {"uv": [0, 0, 3, 16], "texture": "#particle"},
				"down": {"uv": [0, 0, 3, 16], "texture": "#particle", "cullface": "down"}
			}
		},
		{
			"name": "Right",
			"from": [13, 0, 0],
			"to": [16, 3, 16],
			"faces": {
				"north": {"uv": [0, 16, 3, 13], "texture": "#particle", "cullface": "north"},
				"east": {"uv": [0, 16, 16, 13], "texture": "#particle", "cullface": "east"},
				"south": {"uv": [13, 16, 16, 13], "texture": "#particle", "cullface": "south"},
				"west": {"uv": [0, 16, 16, 13], "texture": "#particle"},
				"up": {"uv": [13, 0, 16, 16], "texture": "#particle"},
				"down": {"uv": [13, 0, 16, 16], "texture": "#particle", "cullface": "down"}
			}
		},
		{
			"name": " Vertical",
			"from": [6, 0, 3],
			"to": [10, 3, 13],
			"faces": {
				"east": {"uv": [3, 16, 13, 13], "texture": "#particle"},
				"west": {"uv": [3, 16, 13, 13], "texture": "#particle"},
				"up": {"uv": [6, 3, 10, 13], "texture": "#particle"},
				"down": {"uv": [6, 3, 10, 13], "texture": "#particle", "cullface": "down"}
			}
		},
		{
			"name": " Horizontal",
			"from": [3, 0, 6],
			"to": [13, 3, 10],
			"faces": {
				"north": {"uv": [3, 16, 13, 13], "texture": "#particle", "cullface": "south"},
				"south": {"uv": [3, 16, 13, 13], "texture": "#particle", "cullface": "south"},
				"up": {"uv": [3, 6, 13, 10], "texture": "#particle"},
				"down": {"uv": [3, 6, 13, 10], "texture": "#particle", "cullface": "down"}
			}
		}
	]
}