{
	"textures": {
		"particle": "block/oak_trapdoor"
	},
	"elements": [
		{
			"name": "Top",
			"from": [3, 13, 13],
			"to": [13, 16, 16],
			"rotation": {"angle": 0, "axis": "y", "origin": [8, 8, 21]},
			"faces": {
				"north": {"uv": [3, 0, 13, 3], "texture": "#particle"},
				"south": {"uv": [3, 0, 13, 3], "texture": "#particle", "cullface": "south"},
				"up": {"uv": [3, 16, 13, 13], "texture": "#particle", "cullface": "up"},
				"down": {"uv": [3, 13, 13, 16], "texture": "#particle"}
			}
		},
		{
			"name": "Bottom",
			"from": [3, 0, 13],
			"to": [13, 3, 16],
			"rotation": {"angle": 0, "axis": "y", "origin": [8, 8, 21]},
			"faces": {
				"north": {"uv": [3, 13, 13, 16], "texture": "#particle"},
				"south": {"uv": [3, 13, 13, 16], "texture": "#particle", "cullface": "south"},
				"up": {"uv": [3, 16, 13, 13], "texture": "#particle"},
				"down": {"uv": [3, 13, 13, 16], "texture": "#particle", "cullface": "down"}
			}
		},
		{
			"name": "Left",
			"from": [0, 0, 13],
			"to": [3, 16, 16],
			"rotation": {"angle": 0, "axis": "y", "origin": [8, 8, 21]},
			"faces": {
				"north": {"uv": [13, 0, 16, 16], "texture": "#particle"},
				"east": {"uv": [13, 0, 16, 16], "texture": "#particle"},
				"south": {"uv": [0, 0, 3, 16], "texture": "#particle", "cullface": "south"},
				"west": {"uv": [16, 0, 13, 16], "texture": "#particle", "cullface": "west"},
				"up": {"uv": [16, 16, 13, 13], "texture": "#particle", "cullface": "up"},
				"down": {"uv": [16, 13, 13, 16], "texture": "#particle", "cullface": "down"}
			}
		},
		{
			"name": "Right",
			"from": [13, 0, 13],
			"to": [16, 16, 16],
			"rotation": {"angle": 0, "axis": "y", "origin": [8, 8, 21]},
			"faces": {
				"north": {"uv": [0, 0, 3, 16], "texture": "#particle"},
				"east": {"uv": [13, 0, 16, 16], "texture": "#particle", "cullface": "east"},
				"south": {"uv": [13, 0, 16, 16], "texture": "#particle", "cullface": "south"},
				"west": {"uv": [16, 0, 13, 16], "texture": "#particle"},
				"up": {"uv": [3, 16, 0, 13], "texture": "#particle", "cullface": "up"},
				"down": {"uv": [3, 13, 0, 16], "texture": "#particle", "cullface": "down"}
			}
		},
		{
			"name": " Vertical",
			"from": [6, 3, 13],
			"to": [10, 13, 16],
			"rotation": {"angle": 0, "axis": "y", "origin": [8, 8, 21]},
			"faces": {
				"north": {"uv": [6, 3, 10, 13], "texture": "#particle"},
				"east": {"uv": [13, 3, 16, 13], "texture": "#particle"},
				"south": {"uv": [6, 3, 10, 13], "texture": "#particle", "cullface": "south"},
				"west": {"uv": [16, 3, 13, 13], "texture": "#particle"}
			}
		},
		{
			"name": " Horizontal",
			"from": [3, 6, 13],
			"to": [13, 10, 16],
			"rotation": {"angle": 0, "axis": "y", "origin": [8, 8, 21]},
			"faces": {
				"north": {"uv": [3, 6, 13, 10], "texture": "#particle"},
				"south": {"uv": [3, 6, 13, 10], "texture": "#particle", "cullface": "south"},
				"up": {"uv": [3, 16, 13, 13], "texture": "#particle"},
				"down": {"uv": [3, 13, 13, 16], "texture": "#particle"}
			}
		}
	]
}