{
	"ambientocclusion": false,
	"textures": {
		"0": "block/vine_0",
		"1": "block/vine_1",
		"2": "block/vine_2",
		"particle": "block/vine"
	},
	"elements": [
		{
			"from": [0, 1, 1],
			"to": [16, 17, 1],
			"shade": false,
			"faces": {
				"north": {"uv": [0, 0, 16, 16], "texture": "#0", "tintindex": 0},
				"south": {"uv": [0, 0, 16, 16], "texture": "#0", "tintindex": 0}
			}
		},
		{
			"from": [0, -3, 0.5],
			"to": [16, 2, 1.5],
			"shade": false,
			"faces": {
				"north": {"uv": [0, 10, 16, 15], "texture": "#1", "tintindex": 0},
				"south": {"uv": [0, 10, 16, 15], "texture": "#1", "tintindex": 0}
			}
		},
		{
			"from": [0, 8, 1],
			"to": [16, 16, 1],
			"shade": false,
			"rotation": {"angle": 22.5, "axis": "x", "origin": [8, 13, 1]},
			"faces": {
				"north": {"uv": [0, 0, 16, 8], "texture": "#1", "tintindex": 0},
				"south": {"uv": [0, 0, 16, 8], "texture": "#1", "tintindex": 0}
			}
		},
		{
			"from": [0, 8, 1],
			"to": [16, 16, 1],
			"shade": false,
			"rotation": {"angle": -22.5, "axis": "x", "origin": [8, 13, 1]},
			"faces": {
				"north": {"uv": [0, 0, 16, 8], "texture": "#1", "tintindex": 0},
				"south": {"uv": [0, 0, 16, 8], "texture": "#1", "tintindex": 0}
			}
		},
		{
			"from": [0, 0, 1],
			"to": [16, 9, 1],
			"shade": false,
			"rotation": {"angle": 22.5, "axis": "x", "origin": [8, 5, 1]},
			"faces": {
				"north": {"uv": [0, 0, 16, 9], "texture": "#2", "tintindex": 0},
				"south": {"uv": [0, 0, 16, 9], "texture": "#2", "tintindex": 0}
			}
		},
		{
			"from": [0, 0, 1],
			"to": [16, 9, 1],
			"shade": false,
			"rotation": {"angle": -22.5, "axis": "x", "origin": [8, 5, 1]},
			"faces": {
				"north": {"uv": [0, 0, 16, 9], "texture": "#2", "tintindex": 0},
				"south": {"uv": [0, 0, 16, 9], "texture": "#2", "tintindex": 0}
			}
		}
	]
}