{
	"parent": "minecraft:block/block",
	"textures": {
		"0": "minecraft:block/acacia_fence_side",
		"particle": "minecraft:block/acacia_planks"
	},
	"elements": [
		{
			"from": [14.5, 0, 6.5],
			"to": [17.5, 16, 9.5],
			"rotation": {"angle": 0, "axis": "y", "origin": [16, 8, 8]},
			"faces": {
				"north": {"uv": [13, 0, 16, 16], "texture": "#0"},
				"east": {"uv": [13, 0, 16, 16], "texture": "#0"},
				"south": {"uv": [13, 0, 16, 16], "texture": "#0"},
				"west": {"uv": [13, 0, 16, 16], "texture": "#0"},
				"up": {"uv": [10, 0, 13, 3], "texture": "#0", "cullface": "up"},
				"down": {"uv": [10, 0, 13, 3], "texture": "#0", "cullface": "down"}
			}
		},
		{
			"from": [-1.5, 0, 6.5],
			"to": [1.5, 16, 9.5],
			"rotation": {"angle": 0, "axis": "y", "origin": [0, 8, 8]},
			"faces": {
				"north": {"uv": [13, 0, 16, 16], "texture": "#0"},
				"east": {"uv": [13, 0, 16, 16], "texture": "#0"},
				"south": {"uv": [13, 0, 16, 16], "texture": "#0"},
				"west": {"uv": [13, 0, 16, 16], "texture": "#0"},
				"up": {"uv": [10, 0, 13, 3], "texture": "#0", "cullface": "up"},
				"down": {"uv": [10, 0, 13, 3], "texture": "#0", "cullface": "down"}
			}
		},
		{
			"from": [1, 0.5, 8],
			"to": [8, 1, 8],
			"rotation": {"angle": 0, "axis": "y", "origin": [0, 8, 8]},
			"faces": {
				"north": {"uv": [7, 15.5, 0, 16], "texture": "#0"},
				"south": {"uv": [0, 15.5, 7, 16], "texture": "#0"}
			}
		},
		{
			"from": [1, 2.5, 8],
			"to": [8, 3, 8],
			"rotation": {"angle": 0, "axis": "y", "origin": [0, 8, 8]},
			"faces": {
				"north": {"uv": [7, 13.5, 0, 14], "texture": "#0"},
				"south": {"uv": [0, 13.5, 7, 14], "texture": "#0"}
			}
		},
		{
			"from": [1, 4.5, 8],
			"to": [8, 5, 8],
			"rotation": {"angle": 0, "axis": "y", "origin": [0, 8, 8]},
			"faces": {
				"north": {"uv": [7, 11.5, 0, 12], "texture": "#0"},
				"south": {"uv": [0, 11.5, 7, 12], "texture": "#0"}
			}
		},
		{
			"from": [1, 6.5, 8],
			"to": [8, 7, 8],
			"rotation": {"angle": 0, "axis": "y", "origin": [0, 8, 8]},
			"faces": {
				"north": {"uv": [7, 9.5, 0, 10], "texture": "#0"},
				"south": {"uv": [0, 9.5, 7, 10], "texture": "#0"}
			}
		},
		{
			"from": [1, 8.5, 8],
			"to": [8, 9, 8],
			"rotation": {"angle": 0, "axis": "y", "origin": [0, 8, 8]},
			"faces": {
				"north": {"uv": [7, 7.5, 0, 8], "texture": "#0"},
				"south": {"uv": [0, 7.5, 7, 8], "texture": "#0"}
			}
		},
		{
			"from": [1, 10.5, 8],
			"to": [8, 11, 8],
			"rotation": {"angle": 0, "axis": "y", "origin": [0, 8, 8]},
			"faces": {
				"north": {"uv": [7, 5.5, 0, 6], "texture": "#0"},
				"south": {"uv": [0, 5.5, 7, 6], "texture": "#0"}
			}
		},
		{
			"from": [6.5, 1, 8],
			"to": [7, 11.5, 8],
			"rotation": {"angle": 0, "axis": "y", "origin": [0, 8, 8]},
			"faces": {
				"north": {"uv": [6, 5, 5.5, 15.5], "texture": "#0"},
				"south": {"uv": [6, 5, 5.5, 15.5], "texture": "#0"}
			}
		},
		{
			"from": [4.5, 1, 8],
			"to": [5, 12, 8],
			"rotation": {"angle": 0, "axis": "y", "origin": [0, 8, 8]},
			"faces": {
				"north": {"uv": [4, 4.5, 3.5, 15.5], "texture": "#0"},
				"south": {"uv": [4, 4.5, 3.5, 15.5], "texture": "#0"}
			}
		},
		{
			"from": [2.5, 1, 8],
			"to": [3, 12.5, 8],
			"rotation": {"angle": 0, "axis": "y", "origin": [0, 8, 8]},
			"faces": {
				"north": {"uv": [2, 4, 1.5, 15.5], "texture": "#0"},
				"south": {"uv": [2, 4, 1.5, 15.5], "texture": "#0"}
			}
		},
		{
			"from": [1, 13, 8],
			"to": [2, 14.5, 8],
			"rotation": {"angle": 0, "axis": "y", "origin": [0, 8, 8]},
			"faces": {
				"north": {"uv": [1, 2, 0, 3.5], "texture": "#0"},
				"south": {"uv": [0, 2, 1, 3.5], "texture": "#0"}
			}
		},
		{
			"from": [2, 12.5, 8],
			"to": [4, 14, 8],
			"rotation": {"angle": 0, "axis": "y", "origin": [0, 8, 8]},
			"faces": {
				"north": {"uv": [3, 2.5, 1, 4], "texture": "#0"},
				"south": {"uv": [1, 2.5, 3, 4], "texture": "#0"}
			}
		},
		{
			"from": [4, 12, 8],
			"to": [6.5, 13.5, 8],
			"rotation": {"angle": 0, "axis": "y", "origin": [0, 8, 8]},
			"faces": {
				"north": {"uv": [5.5, 3, 3, 4.5], "texture": "#0"},
				"south": {"uv": [3, 3, 5.5, 4.5], "texture": "#0"}
			}
		},
		{
			"from": [6.5, 11.5, 8],
			"to": [8, 13, 8],
			"rotation": {"angle": 0, "axis": "y", "origin": [0, 8, 8]},
			"faces": {
				"north": {"uv": [7, 3.5, 5.5, 5], "texture": "#0"},
				"south": {"uv": [5.5, 3.5, 7, 5], "texture": "#0"}
			}
		},
		{
			"from": [8, 0.5, 8],
			"to": [15, 1, 8],
			"rotation": {"angle": 0, "axis": "y", "origin": [16, 8, 8]},
			"faces": {
				"north": {"uv": [0, 15.5, 7, 16], "texture": "#0"},
				"south": {"uv": [7, 15.5, 0, 16], "texture": "#0"}
			}
		},
		{
			"from": [8, 2.5, 8],
			"to": [15, 3, 8],
			"rotation": {"angle": 0, "axis": "y", "origin": [16, 8, 8]},
			"faces": {
				"north": {"uv": [0, 13.5, 7, 14], "texture": "#0"},
				"south": {"uv": [7, 13.5, 0, 14], "texture": "#0"}
			}
		},
		{
			"from": [8, 4.5, 8],
			"to": [15, 5, 8],
			"rotation": {"angle": 0, "axis": "y", "origin": [16, 8, 8]},
			"faces": {
				"north": {"uv": [0, 11.5, 7, 12], "texture": "#0"},
				"south": {"uv": [7, 11.5, 0, 12], "texture": "#0"}
			}
		},
		{
			"from": [8, 6.5, 8],
			"to": [15, 7, 8],
			"rotation": {"angle": 0, "axis": "y", "origin": [16, 8, 8]},
			"faces": {
				"north": {"uv": [0, 9.5, 7, 10], "texture": "#0"},
				"south": {"uv": [7, 9.5, 0, 10], "texture": "#0"}
			}
		},
		{
			"from": [8, 8.5, 8],
			"to": [15, 9, 8],
			"rotation": {"angle": 0, "axis": "y", "origin": [16, 8, 8]},
			"faces": {
				"north": {"uv": [0, 7.5, 7, 8], "texture": "#0"},
				"south": {"uv": [7, 7.5, 0, 8], "texture": "#0"}
			}
		},
		{
			"from": [8, 10.5, 8],
			"to": [15, 11, 8],
			"rotation": {"angle": 0, "axis": "y", "origin": [16, 8, 8]},
			"faces": {
				"north": {"uv": [0, 5.5, 7, 6], "texture": "#0"},
				"south": {"uv": [7, 5.5, 0, 6], "texture": "#0"}
			}
		},
		{
			"from": [9, 1, 8],
			"to": [9.5, 11.5, 8],
			"rotation": {"angle": 0, "axis": "y", "origin": [16, 8, 8]},
			"faces": {
				"north": {"uv": [6, 5, 5.5, 15.5], "texture": "#0"},
				"south": {"uv": [6, 5, 5.5, 15.5], "texture": "#0"}
			}
		},
		{
			"from": [11, 1, 8],
			"to": [11.5, 12, 8],
			"rotation": {"angle": 0, "axis": "y", "origin": [16, 8, 8]},
			"faces": {
				"north": {"uv": [4, 4.5, 3.5, 15.5], "texture": "#0"},
				"south": {"uv": [4, 4.5, 3.5, 15.5], "texture": "#0"}
			}
		},
		{
			"from": [13, 1, 8],
			"to": [13.5, 12.5, 8],
			"rotation": {"angle": 0, "axis": "y", "origin": [16, 8, 8]},
			"faces": {
				"north": {"uv": [2, 4, 1.5, 15.5], "texture": "#0"},
				"south": {"uv": [2, 4, 1.5, 15.5], "texture": "#0"}
			}
		},
		{
			"from": [14, 13, 8],
			"to": [15, 14.5, 8],
			"rotation": {"angle": 0, "axis": "y", "origin": [16, 8, 8]},
			"faces": {
				"north": {"uv": [0, 2, 1, 3.5], "texture": "#0"},
				"south": {"uv": [1, 2, 0, 3.5], "texture": "#0"}
			}
		},
		{
			"from": [12, 12.5, 8],
			"to": [14, 14, 8],
			"rotation": {"angle": 0, "axis": "y", "origin": [16, 8, 8]},
			"faces": {
				"north": {"uv": [1, 2.5, 3, 4], "texture": "#0"},
				"south": {"uv": [3, 2.5, 1, 4], "texture": "#0"}
			}
		},
		{
			"from": [9.5, 12, 8],
			"to": [12, 13.5, 8],
			"rotation": {"angle": 0, "axis": "y", "origin": [16, 8, 8]},
			"faces": {
				"north": {"uv": [3, 3, 5.5, 4.5], "texture": "#0"},
				"south": {"uv": [5.5, 3, 3, 4.5], "texture": "#0"}
			}
		},
		{
			"from": [8, 11.5, 8],
			"to": [9.5, 13, 8],
			"rotation": {"angle": 0, "axis": "y", "origin": [16, 8, 8]},
			"faces": {
				"north": {"uv": [5.5, 3.5, 7, 5], "texture": "#0"},
				"south": {"uv": [7, 3.5, 5.5, 5], "texture": "#0"}
			}
		}
	],
	"display": {
		"gui": {
			"rotation": [30, 45, 0],
			"scale": [0.74, 0.74, 0.74]
		}
	}
}
