{
	"ambientocclusion": false,
	"textures": {
		"0": "block/acacia_fence_side",
		"particle": "block/acacia_planks"
	},
	"elements": [
		{
			"from": [8, 0.5, 0],
			"to": [8, 1, 7],
			"faces": {
				"east": {"uv": [0, 15.5, 7, 16], "texture": "#0"},
				"west": {"uv": [7, 15.5, 0, 16], "texture": "#0"}
			}
		},
		{
			"from": [8, 2.5, 0],
			"to": [8, 3, 7],
			"rotation": {"angle": 0, "axis": "y", "origin": [8, 10, 8]},
			"faces": {
				"east": {"uv": [0, 13.5, 7, 14], "texture": "#0"},
				"west": {"uv": [7, 13.5, 0, 14], "texture": "#0"}
			}
		},
		{
			"from": [8, 4.5, 0],
			"to": [8, 5, 7],
			"rotation": {"angle": 0, "axis": "y", "origin": [8, 12, 8]},
			"faces": {
				"east": {"uv": [0, 11.5, 7, 12], "texture": "#0"},
				"west": {"uv": [7, 11.5, 0, 12], "texture": "#0"}
			}
		},
		{
			"from": [8, 6.5, 0],
			"to": [8, 7, 7],
			"rotation": {"angle": 0, "axis": "y", "origin": [8, 14, 8]},
			"faces": {
				"east": {"uv": [0, 9.5, 7, 10], "texture": "#0"},
				"west": {"uv": [7, 9.5, 0, 10], "texture": "#0"}
			}
		},
		{
			"from": [8, 8.5, 0],
			"to": [8, 9, 7],
			"rotation": {"angle": 0, "axis": "y", "origin": [8, 16, 8]},
			"faces": {
				"east": {"uv": [0, 7.5, 7, 8], "texture": "#0"},
				"west": {"uv": [7, 7.5, 0, 8], "texture": "#0"}
			}
		},
		{
			"from": [8, 10.5, 0],
			"to": [8, 11, 7],
			"rotation": {"angle": 0, "axis": "y", "origin": [8, 18, 8]},
			"faces": {
				"east": {"uv": [0, 5.5, 7, 6], "texture": "#0"},
				"west": {"uv": [7, 5.5, 0, 6], "texture": "#0"}
			}
		},
		{
			"from": [8, 1, 1],
			"to": [8, 11.5, 1.5],
			"rotation": {"angle": 0, "axis": "y", "origin": [8, 18, 9]},
			"faces": {
				"east": {"uv": [6, 5, 5.5, 15.5], "texture": "#0"},
				"west": {"uv": [6, 5, 5.5, 15.5], "texture": "#0"}
			}
		},
		{
			"from": [8, 1, 3],
			"to": [8, 12, 3.5],
			"rotation": {"angle": 0, "axis": "y", "origin": [8, 18, 11]},
			"faces": {
				"east": {"uv": [4, 4.5, 3.5, 15.5], "texture": "#0"},
				"west": {"uv": [4, 4.5, 3.5, 15.5], "texture": "#0"}
			}
		},
		{
			"from": [8, 1, 5],
			"to": [8, 12.5, 5.5],
			"rotation": {"angle": 0, "axis": "y", "origin": [8, 18, 13]},
			"faces": {
				"east": {"uv": [2, 4, 1.5, 15.5], "texture": "#0"},
				"west": {"uv": [2, 4, 1.5, 15.5], "texture": "#0"}
			}
		},
		{
			"from": [8, 13, 6],
			"to": [8, 14.5, 7],
			"rotation": {"angle": 0, "axis": "y", "origin": [8, 20, 14]},
			"faces": {
				"east": {"uv": [0, 2, 1, 3.5], "texture": "#0"},
				"west": {"uv": [1, 2, 0, 3.5], "texture": "#0"}
			}
		},
		{
			"from": [8, 12.5, 4],
			"to": [8, 14, 6],
			"rotation": {"angle": 0, "axis": "y", "origin": [8, 19.5, 13]},
			"faces": {
				"east": {"uv": [1, 2.5, 3, 4], "texture": "#0"},
				"west": {"uv": [3, 2.5, 1, 4], "texture": "#0"}
			}
		},
		{
			"from": [8, 12, 1.5],
			"to": [8, 13.5, 4],
			"rotation": {"angle": 0, "axis": "y", "origin": [8, 19, 11]},
			"faces": {
				"east": {"uv": [3, 3, 5.5, 4.5], "texture": "#0"},
				"west": {"uv": [5.5, 3, 3, 4.5], "texture": "#0"}
			}
		},
		{
			"from": [8, 11.5, 0],
			"to": [8, 13, 1.5],
			"rotation": {"angle": 0, "axis": "y", "origin": [8, 18.5, 9.5]},
			"faces": {
				"east": {"uv": [5.5, 3.5, 7, 5], "texture": "#0"},
				"west": {"uv": [7, 3.5, 5.5, 5], "texture": "#0"}
			}
		}
	]
}