{
	"ambientocclusion": false,
	"textures": {
		"0": "block/birch_fence",
		"particle": "block/birch_planks"
	},
	"elements": [
		{
			"from": [1.5, 0.5, 7.5],
			"to": [4.5, 14, 9],
			"rotation": {"angle": 0, "axis": "y", "origin": [3, 7, 8.25]},
			"faces": {
				"north": {"uv": [3, 0, 6, 13.5], "texture": "#0"},
				"east": {"uv": [13.5, 0, 15, 14], "texture": "#0"},
				"south": {"uv": [6, 0, 3, 13.5], "texture": "#0"},
				"down": {"uv": [10, 1, 13, 2.5], "rotation": 180, "texture": "#0"}
			}
		},
		{
			"from": [6.5, 0.5, 7.5],
			"to": [9.5, 14, 9],
			"rotation": {"angle": 0, "axis": "y", "origin": [8, 7, 8.25]},
			"faces": {
				"north": {"uv": [13, 0, 16, 13.5], "texture": "#0"},
				"east": {"uv": [13.5, 0, 15, 14], "texture": "#0"},
				"south": {"uv": [13, 0, 16, 13.5], "texture": "#0"},
				"west": {"uv": [13.5, 0, 15, 14], "texture": "#0"},
				"down": {"uv": [10, 1, 13, 2.5], "rotation": 180, "texture": "#0"}
			}
		},
		{
			"from": [11.5, 0.5, 7.5],
			"to": [14.5, 14, 9],
			"rotation": {"angle": 0, "axis": "y", "origin": [13, 7, 8.25]},
			"faces": {
				"north": {"uv": [0, 0, 3, 13.5], "texture": "#0"},
				"south": {"uv": [3, 0, 0, 13.5], "texture": "#0"},
				"west": {"uv": [13.5, 0, 15, 14], "texture": "#0"},
				"down": {"uv": [10, 1, 13, 2.5], "rotation": 180, "texture": "#0"}
			}
		},
		{
			"from": [4.25, 2, 7.75],
			"to": [11.75, 4, 8.75],
			"rotation": {"angle": 0, "axis": "y", "origin": [6, 6.5, 8.25]},
			"faces": {
				"north": {"uv": [14, 0, 16, 7.5], "rotation": 270, "texture": "#0", "cullface": "north"},
				"south": {"uv": [13, 0, 15, 7.5], "rotation": 90, "texture": "#0", "cullface": "north"},
				"up": {"uv": [15, 8.5, 16, 16], "rotation": 90, "texture": "#0"},
				"down": {"uv": [13.5, 0, 14.5, 7.5], "rotation": 90, "texture": "#0"}
			}
		},
		{
			"from": [4.25, 9, 7.75],
			"to": [11.75, 11, 8.75],
			"rotation": {"angle": 0, "axis": "y", "origin": [6, 6.5, 8.25]},
			"faces": {
				"north": {"uv": [14, 0, 16, 7.5], "rotation": 270, "texture": "#0", "cullface": "north"},
				"south": {"uv": [13, 0, 15, 7.5], "rotation": 90, "texture": "#0", "cullface": "north"},
				"up": {"uv": [15, 8.5, 16, 16], "rotation": 90, "texture": "#0"},
				"down": {"uv": [13.5, 0, 14.5, 7.5], "rotation": 90, "texture": "#0"}
			}
		},
		{
			"from": [1.94, 12.92632, 7.52],
			"to": [4.06, 15.04632, 8.98],
			"rotation": {"angle": 45, "axis": "z", "origin": [3, 13.98632, 8.25]},
			"faces": {
				"north": {"uv": [10, 1, 12, 3], "rotation": 90, "texture": "#0"},
				"east": {"uv": [13.5, 0, 14.96, 2], "rotation": 180, "texture": "#0"},
				"south": {"uv": [10, 1, 12, 3], "rotation": 180, "texture": "#0"},
				"up": {"uv": [13.5, 0, 14.96, 2], "rotation": 90, "texture": "#0"}
			}
		},
		{
			"from": [6.94, 12.92632, 7.52],
			"to": [9.06, 15.04632, 8.98],
			"rotation": {"angle": 45, "axis": "z", "origin": [8, 13.98632, 8.25]},
			"faces": {
				"north": {"uv": [10, 1, 12, 3], "rotation": 90, "texture": "#0"},
				"east": {"uv": [13.5, 0, 14.96, 2], "rotation": 180, "texture": "#0"},
				"south": {"uv": [10, 1, 12, 3], "rotation": 180, "texture": "#0"},
				"up": {"uv": [13.5, 0, 14.96, 2], "rotation": 90, "texture": "#0"}
			}
		},
		{
			"from": [11.94, 12.92632, 7.52],
			"to": [14.06, 15.04632, 8.98],
			"rotation": {"angle": 45, "axis": "z", "origin": [13, 13.98632, 8.25]},
			"faces": {
				"north": {"uv": [10, 1, 12, 3], "rotation": 90, "texture": "#0"},
				"east": {"uv": [13.5, 0, 14.96, 2], "rotation": 180, "texture": "#0"},
				"south": {"uv": [10, 1, 12, 3], "rotation": 180, "texture": "#0"},
				"up": {"uv": [13.5, 0, 14.96, 2], "rotation": 90, "texture": "#0"}
			}
		},
		{
			"from": [14.5, -0.02, 6.5],
			"to": [17.5, 15.98, 9.5],
			"rotation": {"angle": 0, "axis": "y", "origin": [16, 8, 8]},
			"faces": {
				"north": {"uv": [13, 0, 16, 16], "texture": "#0"},
				"east": {"uv": [13, 0, 16, 16], "texture": "#0"},
				"south": {"uv": [13, 0, 16, 16], "texture": "#0"},
				"west": {"uv": [13, 0, 16, 16], "texture": "#0"},
				"up": {"uv": [10, 0, 13, 3], "texture": "#0"},
				"down": {"uv": [10, 0, 13, 3], "texture": "#0"}
			}
		},
		{
			"from": [-1.5, -0.02, 6.5],
			"to": [1.5, 15.98, 9.5],
			"rotation": {"angle": 0, "axis": "y", "origin": [0, 8, 8]},
			"faces": {
				"north": {"uv": [13, 0, 16, 16], "texture": "#0"},
				"east": {"uv": [13, 0, 16, 16], "texture": "#0"},
				"south": {"uv": [13, 0, 16, 16], "texture": "#0"},
				"west": {"uv": [13, 0, 16, 16], "texture": "#0"},
				"up": {"uv": [10, 0, 13, 3], "texture": "#0"},
				"down": {"uv": [10, 0, 13, 3], "texture": "#0"}
			}
		}
	],
	"display": {
		"thirdperson_righthand": {
			"rotation": [75, 45, 0],
			"translation": [0, 2.5, 0],
			"scale": [0.375, 0.375, 0.375]
		},
		"firstperson_righthand": {
			"rotation": [0, 45, 0],
			"scale": [0.4, 0.4, 0.4]
		},
		"firstperson_lefthand": {
			"rotation": [0, 225, 0],
			"scale": [0.4, 0.4, 0.4]
		},
		"ground": {
			"translation": [0, 3, 0],
			"scale": [0.25, 0.25, 0.25]
		},
		"gui": {
			"rotation": [30, 45, 0],
			"scale": [0.74, 0.74, 0.74]
		},
		"head": {
			"translation": [0, -3, -6]
		},
		"fixed": {
			"scale": [0.5, 0.5, 0.5]
		}
	}
}