{
	"ambientocclusion": false,
	"textures": {
		"0": "block/birch_fence",
		"particle": "block/birch_planks"
	},
	"elements": [
		{
			"from": [13, 0.5, 19],
			"to": [14.5, 14, 22],
			"rotation": {"angle": 0, "axis": "y", "origin": [13.75, 6.95, 15.5]},
			"faces": {
				"north": {"uv": [13.5, 0, 15, 13.5], "texture": "#0"},
				"east": {"uv": [6, 0, 3, 13.5], "texture": "#0"},
				"south": {"uv": [13.5, 0, 15, 13.5], "texture": "#0"},
				"west": {"uv": [3, 0, 6, 13.5], "texture": "#0"},
				"down": {"uv": [10, 1, 13, 2.5], "rotation": 90, "texture": "#0"}
			}
		},
		{
			"from": [13, 0.5, 14],
			"to": [14.5, 14, 17],
			"rotation": {"angle": 0, "axis": "y", "origin": [13.75, 6.95, 15.5]},
			"faces": {
				"north": {"uv": [13.5, 0, 15, 13.5], "texture": "#0"},
				"east": {"uv": [13, 0, 16, 13.5], "texture": "#0"},
				"south": {"uv": [13.5, 0, 15, 13.5], "texture": "#0"},
				"west": {"uv": [13, 0, 16, 13.5], "texture": "#0"},
				"down": {"uv": [10, 1, 13, 2.5], "rotation": 90, "texture": "#0"}
			}
		},
		{
			"from": [13, 0.5, 9],
			"to": [14.5, 14, 12],
			"rotation": {"angle": 0, "axis": "y", "origin": [13.75, 6.95, 15.5]},
			"faces": {
				"north": {"uv": [0, 0, 1.5, 13.5], "texture": "#0"},
				"east": {"uv": [3, 0, 0, 13.5], "texture": "#0"},
				"south": {"uv": [13.5, 0, 15, 13.5], "texture": "#0"},
				"west": {"uv": [0, 0, 3, 13.5], "texture": "#0"},
				"down": {"uv": [10, 1, 13, 2.5], "rotation": 90, "texture": "#0"}
			}
		},
		{
			"from": [13.25, 2, 11.75],
			"to": [14.25, 4, 19.25],
			"rotation": {"angle": 0, "axis": "y", "origin": [13.75, 6.95, 15.5]},
			"faces": {
				"east": {"uv": [13, 0, 15, 7.5], "rotation": 90, "texture": "#0", "cullface": "north"},
				"west": {"uv": [14, 0, 16, 7.5], "rotation": 270, "texture": "#0", "cullface": "north"},
				"up": {"uv": [15, 8.5, 16, 16], "texture": "#0"},
				"down": {"uv": [13.5, 0, 14.5, 7.5], "rotation": 180, "texture": "#0"}
			}
		},
		{
			"from": [13.25, 9, 11.75],
			"to": [14.25, 11, 19.25],
			"rotation": {"angle": 0, "axis": "y", "origin": [13.75, 6.95, 15.5]},
			"faces": {
				"east": {"uv": [13, 0, 15, 7.5], "rotation": 90, "texture": "#0", "cullface": "north"},
				"west": {"uv": [14, 0, 16, 7.5], "rotation": 270, "texture": "#0", "cullface": "north"},
				"up": {"uv": [15, 8.5, 16, 16], "texture": "#0"},
				"down": {"uv": [13.5, 0, 14.5, 7.5], "rotation": 180, "texture": "#0"}
			}
		},
		{
			"from": [13.02, 12.92632, 9.44],
			"to": [14.48, 15.04632, 11.56],
			"rotation": {"angle": 45, "axis": "x", "origin": [13.75, 13.98632, 10.5]},
			"faces": {
				"north": {"uv": [13.5, 0, 14.96, 2], "rotation": 180, "texture": "#0"},
				"east": {"uv": [10, 1, 12, 3], "rotation": 180, "texture": "#0"},
				"west": {"uv": [10, 1, 12, 3], "rotation": 90, "texture": "#0"},
				"up": {"uv": [13.5, 0, 14.96, 2], "texture": "#0"}
			}
		},
		{
			"from": [13.02, 12.92632, 14.44],
			"to": [14.48, 15.04632, 16.56],
			"rotation": {"angle": 45, "axis": "x", "origin": [13.75, 13.98632, 15.5]},
			"faces": {
				"north": {"uv": [13.5, 0, 14.96, 2], "rotation": 180, "texture": "#0"},
				"east": {"uv": [10, 1, 12, 3], "rotation": 180, "texture": "#0"},
				"west": {"uv": [10, 1, 12, 3], "rotation": 90, "texture": "#0"},
				"up": {"uv": [13.5, 0, 14.96, 2], "texture": "#0"}
			}
		},
		{
			"from": [13.02, 12.92632, 19.44],
			"to": [14.48, 15.04632, 21.56],
			"rotation": {"angle": -45, "axis": "x", "origin": [13.75, 13.98632, 20.5]},
			"faces": {
				"east": {"uv": [10, 1, 12, 3], "rotation": 90, "texture": "#0"},
				"south": {"uv": [13.5, 0, 14.96, 2], "texture": "#0"},
				"west": {"uv": [10, 1, 12, 3], "rotation": 180, "texture": "#0"},
				"up": {"uv": [13.5, 0, 14.96, 2], "texture": "#0"}
			}
		},
		{
			"from": [14.5, -0.02, 6.5],
			"to": [17.5, 15.98, 9.5],
			"rotation": {"angle": 0, "axis": "y", "origin": [16, 8, 8]},
			"faces": {
				"north": {"uv": [13, 0, 16, 16], "texture": "#0"},
				"east": {"uv": [13, 0, 16, 16], "texture": "#0"},
				"south": {"uv": [13, 0, 16, 16], "texture": "#0"},
				"west": {"uv": [13, 0, 16, 16], "texture": "#0"},
				"up": {"uv": [10, 0, 13, 3], "texture": "#0"},
				"down": {"uv": [10, 0, 13, 3], "texture": "#0"}
			}
		},
		{
			"from": [-1.5, -0.02, 6.5],
			"to": [1.5, 15.98, 9.5],
			"rotation": {"angle": 0, "axis": "y", "origin": [0, 8, 8]},
			"faces": {
				"north": {"uv": [13, 0, 16, 16], "texture": "#0"},
				"east": {"uv": [13, 0, 16, 16], "texture": "#0"},
				"south": {"uv": [13, 0, 16, 16], "texture": "#0"},
				"west": {"uv": [13, 0, 16, 16], "texture": "#0"},
				"up": {"uv": [10, 0, 13, 3], "texture": "#0"},
				"down": {"uv": [10, 0, 13, 3], "texture": "#0"}
			}
		}
	]
}