{
	"ambientocclusion": false,
	"textures": {
		"0": "minecraft:block/birch_trapdoor_flowers",
		"1": "minecraft:block/birch_trapdoor_leaves",
		"particle": "minecraft:block/birch_trapdoor_flowers"
	},
	"elements": [
		{
			"from": [ 0, 0, 14 ],
			"to": [ 16, 16, 14 ],
			"faces": {
				"north": { "uv": [ 0, 0, 16, 16 ], "texture": "#1" },
				"south": { "uv": [ 0, 0, 16, 16 ], "texture": "#1" }
			}
		},
		{
			"from": [ 0, 0, 12.7 ],
			"to": [ 16, 16, 12.7 ],
			"faces": {
				"north": { "uv": [ 0, 0, 16, 16 ], "texture": "#0" },
				"south": { "uv": [ 0, 0, 16, 16 ], "texture": "#0" }
			}
		}
	]
}
