{
	"parent": "minecraft:block/fence_inventory",
	"textures": {
		"0": "block/birch_fence",
		"particle": "block/birch_planks"
	},
	"elements": [
		{
			"from": [6.5, 0, -1.5],
			"to": [9.5, 16, 1.5],
			"rotation": {"angle": 0, "axis": "y", "origin": [8, 8, 0]},
			"faces": {
				"north": {"uv": [13, 0, 16, 16], "texture": "#0"},
				"east": {"uv": [13, 0, 16, 16], "texture": "#0"},
				"south": {"uv": [13, 0, 16, 16], "texture": "#0"},
				"west": {"uv": [13, 0, 16, 16], "texture": "#0"},
				"up": {"uv": [10, 0, 13, 3], "texture": "#0", "cullface": "up"},
				"down": {"uv": [10, 0, 13, 3], "texture": "#0", "cullface": "down"}
			}
		},
		{
			"from": [6.5, 0, 14.5],
			"to": [9.5, 16, 17.5],
			"rotation": {"angle": 0, "axis": "y", "origin": [8, 8, 16]},
			"faces": {
				"north": {"uv": [13, 0, 16, 16], "texture": "#0"},
				"east": {"uv": [13, 0, 16, 16], "texture": "#0"},
				"south": {"uv": [13, 0, 16, 16], "texture": "#0"},
				"west": {"uv": [13, 0, 16, 16], "texture": "#0"},
				"up": {"uv": [10, 0, 13, 3], "texture": "#0", "cullface": "up"},
				"down": {"uv": [10, 0, 13, 3], "texture": "#0", "cullface": "down"}
			}
		},
		{
			"from": [7.25, 0, 9.25],
			"to": [8.75, 14, 12.25],
			"rotation": {"angle": 0, "axis": "y", "origin": [8, 8, 10.75]},
			"faces": {
				"north": {"uv": [13.5, 0, 15, 14], "texture": "#0"},
				"east": {"uv": [13, 0, 16, 14], "texture": "#0"},
				"south": {"uv": [13.5, 0, 15, 14], "texture": "#0"},
				"west": {"uv": [13, 0, 16, 14], "texture": "#0"},
				"down": {"uv": [10, 0, 13, 3], "texture": "#0", "cullface": "down"}
			}
		},
		{
			"from": [7.5, 1.5, 1.5],
			"to": [8.5, 3.5, 14.5],
			"rotation": {"angle": 0, "axis": "x", "origin": [8, 3, 6.5]},
			"faces": {
				"east": {"uv": [13, 0, 15, 13], "rotation": 90, "texture": "#0"},
				"west": {"uv": [13, 0, 15, 13], "rotation": 90, "texture": "#0"},
				"up": {"uv": [15, 9.5, 16, 16], "texture": "#0"},
				"down": {"uv": [13.5, 0, 14.5, 6.5], "rotation": 180, "texture": "#0"}
			}
		},
		{
			"from": [7.5, 8.5, 1.5],
			"to": [8.5, 10.5, 14.5],
			"rotation": {"angle": 0, "axis": "x", "origin": [8, 10, 6.5]},
			"faces": {
				"east": {"uv": [13, 0, 15, 13], "rotation": 90, "texture": "#0"},
				"west": {"uv": [13, 0, 15, 13], "rotation": 90, "texture": "#0"},
				"up": {"uv": [15, 9.5, 16, 16], "texture": "#0"},
				"down": {"uv": [13.5, 0, 14.5, 6.5], "rotation": 180, "texture": "#0"}
			}
		},
		{
			"from": [7.27, 12.92218, 9.68],
			"to": [8.73, 15.04218, 11.8],
			"rotation": {"angle": 45, "axis": "x", "origin": [8, 13.97218, 10.75]},
			"faces": {
				"north": {"uv": [13.5, 0, 14.96, 2], "rotation": 180, "texture": "#0"},
				"east": {"uv": [10, 1, 12, 3], "rotation": 180, "texture": "#0"},
				"west": {"uv": [10, 1, 12, 3], "rotation": 90, "texture": "#0"},
				"up": {"uv": [13.5, 0, 14.96, 2], "texture": "#0"}
			}
		},
		{
			"from": [7.25, 0, 3.75],
			"to": [8.75, 14, 6.75],
			"rotation": {"angle": 0, "axis": "y", "origin": [8, 13.97218, 5.25]},
			"faces": {
				"north": {"uv": [13.5, 0, 15, 14], "texture": "#0"},
				"east": {"uv": [13, 0, 16, 14], "texture": "#0"},
				"south": {"uv": [13.5, 0, 15, 14], "texture": "#0"},
				"west": {"uv": [13, 0, 16, 14], "texture": "#0"},
				"down": {"uv": [10, 0, 13, 3], "rotation": 180, "texture": "#0", "cullface": "down"}
			}
		},
		{
			"from": [7.27, 12.92218, 4.2],
			"to": [8.73, 15.04218, 6.32],
			"rotation": {"angle": -45, "axis": "x", "origin": [8, 13.97218, 5.25]},
			"faces": {
				"east": {"uv": [10, 1, 12, 3], "rotation": 90, "texture": "#0"},
				"south": {"uv": [13.5, 0, 14.96, 2], "rotation": 180, "texture": "#0"},
				"west": {"uv": [10, 1, 12, 3], "rotation": 180, "texture": "#0"},
				"up": {"uv": [13.5, 0, 14.96, 2], "rotation": 180, "texture": "#0"}
			}
		}
	],
	"display": {
		"gui": {
			"rotation": [30, 135, 0],
			"scale": [0.73, 0.73, 0.73]
		}
	}
}
