{
	"ambientocclusion": false,
	"textures": {
		"0": "block/dark_oak_fence",
		"1": "block/dark_oak_fence_gate_open",
		"particle": "block/oak_planks"
	},
	"elements": [
		{
			"from": [-1.5, -0.02, 6.5],
			"to": [1.5, 15.98, 9.5],
			"rotation": {"angle": 0, "axis": "y", "origin": [0, 7.98, 8]},
			"faces": {
				"north": {"uv": [13, 0, 16, 16], "texture": "#0"},
				"east": {"uv": [13, 0, 16, 16], "texture": "#0"},
				"south": {"uv": [13, 0, 16, 16], "texture": "#0"},
				"west": {"uv": [13, 0, 16, 16], "texture": "#0"},
				"up": {"uv": [10, 0, 13, 3], "rotation": 90, "texture": "#0", "cullface": "up"},
				"down": {"uv": [10, 0, 13, 3], "rotation": 270, "texture": "#0", "cullface": "down"}
			}
		},
		{
			"from": [14.5, -0.02, 6.5],
			"to": [17.5, 15.98, 9.5],
			"rotation": {"angle": 0, "axis": "y", "origin": [16, 7.98, 8]},
			"faces": {
				"north": {"uv": [13, 0, 16, 16], "texture": "#0"},
				"east": {"uv": [13, 0, 16, 16], "texture": "#0"},
				"south": {"uv": [13, 0, 16, 16], "texture": "#0"},
				"west": {"uv": [13, 0, 16, 16], "texture": "#0"},
				"up": {"uv": [10, 0, 13, 3], "rotation": 90, "texture": "#0", "cullface": "up"},
				"down": {"uv": [10, 0, 13, 3], "rotation": 270, "texture": "#0", "cullface": "down"}
			}
		},
		{
			"from": [1.48059, 15, -2.00807],
			"to": [2.48059, 16, 3.99193],
			"rotation": {"angle": 0, "axis": "y", "origin": [1.98459, 9.21213, 1.01538]},
			"faces": {
				"north": {"uv": [14, 0, 15, 1], "texture": "#0"},
				"east": {"uv": [9.5, 1, 3.5, 2], "texture": "#1"},
				"south": {"uv": [14, 0, 15, 1], "texture": "#0"},
				"west": {"uv": [3.5, 1, 9.5, 2], "texture": "#1"},
				"up": {"uv": [9.5, 1, 3.5, 2], "rotation": 270, "texture": "#1"}
			}
		},
		{
			"from": [1.48059, 1, -5.50807],
			"to": [2.48059, 15, 7.49193],
			"rotation": {"angle": 0, "axis": "y", "origin": [1.98459, 9.21213, 1.01538]},
			"faces": {
				"north": {"uv": [9, 0, 10, 14], "texture": "#0"},
				"east": {"uv": [13, 2, 0, 16], "texture": "#1"},
				"south": {"uv": [8, 0, 9, 14], "texture": "#0"},
				"west": {"uv": [0, 2, 13, 16], "texture": "#1"},
				"up": {"uv": [13, 2, 0, 3], "rotation": 270, "texture": "#1"},
				"down": {"uv": [0, 15, 13, 16], "rotation": 90, "texture": "#1"}
			}
		},
		{
			"from": [0.98059, 10, -5.48865],
			"to": [2.98059, 12.5, 7.51135],
			"rotation": {"angle": 0, "axis": "y", "origin": [1.98459, 9.21213, 1.01538]},
			"faces": {
				"north": {"uv": [6, 2.5, 8, 5], "texture": "#0"},
				"east": {"uv": [13, 3, 15.5, 16], "rotation": 270, "texture": "#1"},
				"south": {"uv": [6, 0, 8, 2.5], "texture": "#0"},
				"west": {"uv": [13, 16, 15.5, 3], "rotation": 270, "texture": "#1"},
				"up": {"uv": [15, 3, 15.5, 16], "texture": "#0"},
				"down": {"uv": [15, 3, 15.5, 16], "rotation": 180, "texture": "#0"}
			}
		},
		{
			"from": [0.98059, 2.5, -5.48865],
			"to": [2.98059, 5, 7.51135],
			"rotation": {"angle": 0, "axis": "y", "origin": [1.98459, 9.21213, 1.01538]},
			"faces": {
				"north": {"uv": [6, 7.5, 8, 10], "texture": "#0"},
				"east": {"uv": [13, 3, 15.5, 16], "rotation": 270, "texture": "#1"},
				"south": {"uv": [6, 5, 8, 7.5], "texture": "#0"},
				"west": {"uv": [13, 16, 15.5, 3], "rotation": 270, "texture": "#1"},
				"up": {"uv": [15, 3, 15.5, 16], "texture": "#0"},
				"down": {"uv": [15, 3, 15.5, 16], "rotation": 180, "texture": "#0"}
			}
		},
		{
			"from": [1.25059, 6.75549, -5.61352],
			"to": [2.75059, 9.25549, 5.38648],
			"rotation": {"angle": -45, "axis": "x", "origin": [1.98459, 9.21213, 1.01538]},
			"faces": {
				"east": {"uv": [13.5, 1.5, 16, 16], "rotation": 270, "texture": "#0"},
				"west": {"uv": [13.5, 1.5, 16, 16], "rotation": 270, "texture": "#0"},
				"up": {"uv": [14, 0, 15.5, 11], "rotation": 180, "texture": "#0"},
				"down": {"uv": [13.5, 0, 15, 11], "texture": "#0"}
			}
		}
	]
}