{
	"ambientocclusion": false,
	"textures": {
		"particle": "block/chain",
		"bars": "block/chain"
	},
	"elements": [
		{
			"from": [7.25, 0, 7.25],
			"to": [8.75, 16, 8.75],
			"faces": {
				"north": {"uv": [14.5, 0, 16, 16], "texture": "#bars"},
				"east": {"uv": [14.5, 0, 16, 16], "texture": "#bars"},
				"south": {"uv": [14.5, 0, 16, 16], "texture": "#bars"},
				"west": {"uv": [14.5, 0, 16, 16], "texture": "#bars"},
				"up": {"uv": [14.5, 0, 16, 1.5], "texture": "#bars", "cullface": "up"},
				"down": {"uv": [14.5, 14.5, 16, 16], "texture": "#bars", "cullface": "down"}
			}
		}
	]
}