{
	"ambientocclusion": false,
	"textures": {
		"0": "block/jungle_stool",
		"particle": "block/crafting_table_top"
	},
	"elements": [
		{
			"from": [3, 7, 3],
			"to": [13, 9, 13],
			"faces": {
				"north": {"uv": [6, 6.5, 8, 15.5], "rotation": 90, "texture": "#0"},
				"east": {"uv": [7, 6, 16, 8], "texture": "#0"},
				"south": {"uv": [6, 6.5, 8, 15.5], "rotation": 90, "texture": "#0"},
				"west": {"uv": [6.5, 6, 15.5, 8], "texture": "#0"},
				"up": {"uv": [6, 6, 16, 16], "rotation": 270, "texture": "#0"},
				"down": {"uv": [6, 6, 16, 16], "rotation": 90, "texture": "#0"}
			}
		},
		{
			"from": [10.5, 0, 10.5],
			"to": [12.5, 7, 12.5],
			"faces": {
				"north": {"uv": [0, 9, 2, 16], "texture": "#0"},
				"east": {"uv": [2, 9, 0, 16], "texture": "#0"},
				"south": {"uv": [0, 9, 2, 16], "texture": "#0"},
				"west": {"uv": [2, 9, 0, 16], "texture": "#0"},
				"down": {"uv": [0, 0, 2, 2], "rotation": 90, "texture": "#0", "cullface": "down"}
			}
		},
		{
			"from": [10.5, 0, 3.5],
			"to": [12.5, 7, 5.5],
			"faces": {
				"north": {"uv": [2, 9, 0, 16], "texture": "#0"},
				"east": {"uv": [0, 9, 2, 16], "texture": "#0"},
				"south": {"uv": [2, 9, 0, 16], "texture": "#0"},
				"west": {"uv": [0, 9, 2, 16], "texture": "#0"},
				"down": {"uv": [0, 0, 2, 2], "rotation": 90, "texture": "#0", "cullface": "down"}
			}
		},
		{
			"from": [3.5, 0, 3.5],
			"to": [5.5, 7, 5.5],
			"faces": {
				"north": {"uv": [0, 9, 2, 16], "texture": "#0"},
				"east": {"uv": [2, 9, 0, 16], "texture": "#0"},
				"south": {"uv": [0, 9, 2, 16], "texture": "#0"},
				"west": {"uv": [2, 9, 0, 16], "texture": "#0"},
				"down": {"uv": [0, 0, 2, 2], "rotation": 90, "texture": "#0", "cullface": "down"}
			}
		},
		{
			"from": [5.5, 1.5, 4],
			"to": [10.5, 3.5, 5],
			"faces": {
				"north": {"uv": [0, 9, 2, 14], "rotation": 90, "texture": "#0"},
				"south": {"uv": [0, 9, 2, 14], "rotation": 90, "texture": "#0"},
				"up": {"uv": [0, 0, 1, 5], "rotation": 270, "texture": "#0"},
				"down": {"uv": [0, 0, 1, 5], "rotation": 90, "texture": "#0"}
			}
		},
		{
			"from": [3.5, 0, 10.5],
			"to": [5.5, 7, 12.5],
			"faces": {
				"north": {"uv": [2, 9, 0, 16], "texture": "#0"},
				"east": {"uv": [0, 9, 2, 16], "texture": "#0"},
				"south": {"uv": [2, 9, 0, 16], "texture": "#0"},
				"west": {"uv": [0, 9, 2, 16], "texture": "#0"},
				"down": {"uv": [0, 0, 2, 2], "rotation": 90, "texture": "#0", "cullface": "down"}
			}
		},
		{
			"from": [5.5, 1.5, 11],
			"to": [10.5, 3.5, 12],
			"faces": {
				"north": {"uv": [0, 9, 2, 14], "rotation": 90, "texture": "#0"},
				"south": {"uv": [0, 9, 2, 14], "rotation": 90, "texture": "#0"},
				"up": {"uv": [0, 0, 1, 4.5], "rotation": 270, "texture": "#0"},
				"down": {"uv": [0, 0, 1, 5], "rotation": 90, "texture": "#0"}
			}
		},
		{
			"from": [4, 1.5, 5.5],
			"to": [5, 3.5, 10.5],
			"faces": {
				"east": {"uv": [0, 9, 2, 14], "rotation": 90, "texture": "#0"},
				"west": {"uv": [0, 9, 2, 14], "rotation": 90, "texture": "#0"},
				"up": {"uv": [0, 0, 1, 5], "rotation": 180, "texture": "#0"},
				"down": {"uv": [0, 0, 1, 5.5], "rotation": 180, "texture": "#0"}
			}
		},
		{
			"from": [11, 1.5, 5.5],
			"to": [12, 3.5, 10.5],
			"faces": {
				"east": {"uv": [0, 9, 2, 14], "rotation": 90, "texture": "#0"},
				"west": {"uv": [0, 9, 2, 14], "rotation": 90, "texture": "#0"},
				"up": {"uv": [0, 0, 1, 5], "rotation": 180, "texture": "#0"},
				"down": {"uv": [0, 0, 1, 5], "texture": "#0"}
			}
		}
	]
}
