{
	"textures": {
		"0": "block/jungle_fence"
	},
	"elements": [
		{
			"from": [7.23, 9, 3],
			"to": [8.77, 10.5, 7.5],
			"rotation": {"angle": -22.5, "axis": "x", "origin": [8, 9, 3]},
			"faces": {
				"east": {"uv": [8, 0, 12.5, 1.5], "texture": "#0"},
				"west": {"uv": [8, 0, 12.5, 1.5], "texture": "#0"},
				"up": {"uv": [8, 0, 12.5, 1.54], "rotation": 270, "texture": "#0"},
				"down": {"uv": [8, 0, 12.5, 1.54], "rotation": 90, "texture": "#0"}
			}
		},
		{
			"from": [7.25, 9, 0],
			"to": [8.75, 10.5, 3],
			"faces": {
				"north": {"uv": [8, 0, 9.5, 1.5], "texture": "#0", "cullface": "west"},
				"east": {"uv": [8, 0, 11, 1.5], "texture": "#0"},
				"west": {"uv": [8, 0, 11, 1.5], "texture": "#0"},
				"up": {"uv": [8, 0, 11, 1.5], "rotation": 270, "texture": "#0"},
				"down": {"uv": [8, 0, 11, 1.5], "rotation": 90, "texture": "#0"}
			}
		}
	],
	"display": {
		"gui": {
			"rotation": [30, 225, 0],
			"scale": [0.95, 0.95, 0.95]
		}
	}
}
