{
	"ambientocclusion": false,
	"textures": {
		"0": "block/jungle_chair",
		"particle": "block/crafting_table_top"
	},
	"elements": [
		{
			"from": [2, 0, 12],
			"to": [4, 21.5, 14],
			"faces": {
				"north": {"uv": [16, 0, 0, 2], "rotation": 90, "texture": "#0"},
				"east": {"uv": [0, 0, 16, 2], "rotation": 90, "texture": "#0"},
				"south": {"uv": [0, 2, 16, 0], "rotation": 90, "texture": "#0"},
				"west": {"uv": [0, 2, 16, 0], "rotation": 90, "texture": "#0"},
				"up": {"uv": [0, 0, 2, 2], "rotation": 270, "texture": "#0"},
				"down": {"uv": [0, 2, 2, 4], "rotation": 90, "texture": "#0", "cullface": "down"}
			}
		},
		{
			"from": [12, 0, 12],
			"to": [14, 21.5, 14],
			"faces": {
				"north": {"uv": [0, 2, 16, 0], "rotation": 90, "texture": "#0"},
				"east": {"uv": [0, 0, 16, 2], "rotation": 90, "texture": "#0"},
				"south": {"uv": [0, 0, 16, 2], "rotation": 90, "texture": "#0"},
				"west": {"uv": [0, 0, 16, 2], "rotation": 90, "texture": "#0"},
				"up": {"uv": [0, 0, 2, 2], "rotation": 90, "texture": "#0"},
				"down": {"uv": [0, 2, 2, 4], "rotation": 90, "texture": "#0", "cullface": "down"}
			}
		},
		{
			"from": [2.5, 0, 2.5],
			"to": [4.5, 7.5, 4.5],
			"faces": {
				"north": {"uv": [0, 8, 2, 15.5], "texture": "#0"},
				"east": {"uv": [0, 8, 2, 15.5], "texture": "#0"},
				"south": {"uv": [0, 8, 2, 15.5], "texture": "#0"},
				"west": {"uv": [2, 8, 0, 15.5], "texture": "#0"},
				"down": {"uv": [0, 2, 2, 4], "rotation": 90, "texture": "#0", "cullface": "down"}
			}
		},
		{
			"from": [11.5, 0, 2.5],
			"to": [13.5, 7.5, 4.5],
			"faces": {
				"north": {"uv": [2, 8, 0, 15.5], "texture": "#0"},
				"east": {"uv": [0, 8, 2, 15.5], "texture": "#0"},
				"south": {"uv": [2, 8, 0, 15.5], "texture": "#0"},
				"west": {"uv": [0, 8, 2, 15.5], "texture": "#0"},
				"down": {"uv": [0, 2, 2, 4], "rotation": 90, "texture": "#0", "cullface": "down"}
			}
		},
		{
			"from": [2.01, 7.5, 1.99],
			"to": [13.99, 9.5, 13.99],
			"faces": {
				"north": {"uv": [16, 4, 6, 6], "rotation": 180, "texture": "#0"},
				"east": {"uv": [16, 4, 6, 6], "rotation": 180, "texture": "#0"},
				"south": {"uv": [16, 4, 6, 6], "rotation": 180, "texture": "#0"},
				"west": {"uv": [16, 4, 6, 6], "rotation": 180, "texture": "#0"},
				"up": {"uv": [6, 4.5, 16, 16], "rotation": 270, "texture": "#0"},
				"down": {"uv": [6, 4.5, 16, 16], "rotation": 90, "texture": "#0"}
			}
		},
		{
			"from": [4, 18.5, 12],
			"to": [12, 20.5, 13.5],
			"faces": {
				"north": {"uv": [0, 0, 8, 2], "texture": "#0"},
				"south": {"uv": [0, 0, 8, 2], "texture": "#0"},
				"up": {"uv": [0, 8, 1.5, 16], "rotation": 270, "texture": "#0"},
				"down": {"uv": [0, 8, 1.5, 16], "rotation": 90, "texture": "#0"}
			}
		},
		{
			"from": [5.5, 9.5, 12.5],
			"to": [6.5, 18.5, 13.5],
			"faces": {
				"north": {"uv": [1, 8, 2, 14.5], "texture": "#0"},
				"east": {"uv": [1, 8, 2, 14.5], "texture": "#0"},
				"south": {"uv": [1, 8, 2, 14.5], "texture": "#0"},
				"west": {"uv": [1, 8, 2, 14.5], "texture": "#0"}
			}
		},
		{
			"from": [7.5, 9.5, 12.5],
			"to": [8.5, 18.5, 13.5],
			"faces": {
				"north": {"uv": [1, 8, 2, 14.5], "texture": "#0"},
				"east": {"uv": [1, 8, 2, 14.5], "texture": "#0"},
				"south": {"uv": [1, 8, 2, 14.5], "texture": "#0"},
				"west": {"uv": [1, 8, 2, 14.5], "texture": "#0"}
			}
		},
		{
			"from": [9.5, 9.5, 12.5],
			"to": [10.5, 18.5, 13.5],
			"faces": {
				"north": {"uv": [1, 8, 2, 14.5], "texture": "#0"},
				"east": {"uv": [1, 8, 2, 14.5], "texture": "#0"},
				"south": {"uv": [1, 8, 2, 14.5], "texture": "#0"},
				"west": {"uv": [1, 8, 2, 14.5], "texture": "#0"}
			}
		}
	]
}
