{
	"parent": "minecraft:block/fence_inventory",
	"textures": {
		"0": "block/jungle_fence",
		"particle": "block/jungle_log"
	},
	"elements": [
		{
			"from": [7.23, 9, 11],
			"to": [8.77, 10.5, 15.5],
			"rotation": {"angle": -22.5, "axis": "x", "origin": [8, 9, 11]},
			"faces": {
				"east": {"uv": [8, 0, 12.5, 1.5], "texture": "#0"},
				"west": {"uv": [8, 0, 12.5, 1.5], "texture": "#0"},
				"up": {"uv": [8, 0, 12.5, 1.54], "rotation": 270, "texture": "#0"},
				"down": {"uv": [8, 0, 12.5, 1.54], "rotation": 90, "texture": "#0"}
			}
		},
		{
			"from": [7.23, 9, 0.5],
			"to": [8.77, 10.5, 5],
			"rotation": {"angle": 22.5, "axis": "x", "origin": [8, 9, 5]},
			"faces": {
				"east": {"uv": [8, 0, 12.5, 1.5], "texture": "#0"},
				"west": {"uv": [8, 0, 12.5, 1.5], "texture": "#0"},
				"up": {"uv": [8, 0, 12.5, 1.54], "rotation": 90, "texture": "#0"},
				"down": {"uv": [8, 0, 12.5, 1.54], "rotation": 270, "texture": "#0"}
			}
		},
		{
			"from": [7.25, 9, 8],
			"to": [8.75, 10.5, 11],
			"rotation": {"angle": 0, "axis": "y", "origin": [8, 8, 16]},
			"faces": {
				"north": {"uv": [8, 0, 9.5, 1.5], "texture": "#0", "cullface": "west"},
				"east": {"uv": [8, 0, 11, 1.5], "texture": "#0"},
				"west": {"uv": [8, 0, 11, 1.5], "texture": "#0"},
				"up": {"uv": [8, 0, 11, 1.5], "rotation": 270, "texture": "#0"},
				"down": {"uv": [8, 0, 11, 1.5], "rotation": 90, "texture": "#0"}
			}
		},
		{
			"from": [7.25, 9, 5],
			"to": [8.75, 10.5, 8],
			"rotation": {"angle": 0, "axis": "y", "origin": [8, 9, 5]},
			"faces": {
				"east": {"uv": [8, 0, 11, 1.5], "texture": "#0", "cullface": "west"},
				"south": {"uv": [8, 0, 9.5, 1.5], "texture": "#0", "cullface": "west"},
				"west": {"uv": [8, 0, 11, 1.5], "texture": "#0", "cullface": "west"},
				"up": {"uv": [8, 0, 11, 1.5], "rotation": 90, "texture": "#0"},
				"down": {"uv": [8, 0, 11, 1.5], "rotation": 270, "texture": "#0"}
			}
		},
		{
			"from": [6, 0, 14],
			"to": [10, 16, 18],
			"rotation": {"angle": 0, "axis": "y", "origin": [8, 8, 16]},
			"faces": {
				"north": {"uv": [0, 0, 4, 16], "texture": "#0"},
				"east": {"uv": [0, 0, 4, 16], "texture": "#0"},
				"south": {"uv": [0, 0, 4, 16], "texture": "#0"},
				"west": {"uv": [0, 0, 4, 16], "texture": "#0"},
				"up": {"uv": [4, 0, 8, 4], "texture": "#0", "cullface": "up"},
				"down": {"uv": [4, 0, 8, 4], "texture": "#0", "cullface": "down"}
			}
		},
		{
			"from": [6, 0, -2],
			"to": [10, 16, 2],
			"rotation": {"angle": 0, "axis": "y", "origin": [8, 8, 0]},
			"faces": {
				"north": {"uv": [0, 0, 4, 16], "texture": "#0"},
				"east": {"uv": [0, 0, 4, 16], "texture": "#0"},
				"south": {"uv": [0, 0, 4, 16], "texture": "#0"},
				"west": {"uv": [0, 0, 4, 16], "texture": "#0"},
				"up": {"uv": [4, 0, 8, 4], "texture": "#0", "cullface": "up"},
				"down": {"uv": [4, 0, 8, 4], "texture": "#0", "cullface": "down"}
			}
		}
	],
	"display": {
		"gui": {
			"rotation": [30, 135, 0],
			"scale": [0.72, 0.72, 0.72]
		}
	}
}
