{
	"textures": {
		"particle": "#all"
	},
	"elements": [
		{
			"from": [0, -5, -7.5],
			"to": [16, -5, 15],
			"rotation": {"angle": -45, "axis": "x", "origin": [0.125, -5, -7.75]},
			"faces": {
				"up": {"uv": [0, 0, 16, 16], "rotation": 180, "texture": "#all", "tintindex": 0},
				"down": {"uv": [0, 0, 16, 16], "texture": "#all", "tintindex": 0}
			}
		},
		{
			"from": [-8, -5, 0],
			"to": [-8, 17.5, 16],
			"rotation": {"angle": -45, "axis": "z", "origin": [-7.75, -5, 0]},
			"faces": {
				"east": {"uv": [0, 0, 16, 16], "texture": "#all", "tintindex": 0},
				"west": {"uv": [0, 0, 16, 16], "texture": "#all", "tintindex": 0}
			}
		},
		{
			"from": [24, -5, 0],
			"to": [24, 17.5, 16],
			"rotation": {"angle": 45, "axis": "z", "origin": [24.125, -5, 0]},
			"faces": {
				"east": {"uv": [0, 0, 16, 16], "texture": "#all", "tintindex": 0},
				"west": {"uv": [0, 0, 16, 16], "texture": "#all", "tintindex": 0}
			}
		},
		{
			"from": [0, -5, 1.5],
			"to": [16, -5, 24],
			"rotation": {"angle": 45, "axis": "x", "origin": [0, -5, 24]},
			"faces": {
				"up": {"uv": [0, 0, 16, 16], "texture": "#all", "tintindex": 0},
				"down": {"uv": [0, 0, 16, 16], "rotation": 180, "texture": "#all", "tintindex": 0}
			}
		}
	]
}
