{
	"textures": {
		"particle": "#all"
	},
	"elements": [
		{
			"from": [-1, -4, -8.5],
			"to": [15, -4, 14],
			"rotation": {"angle": -45, "axis": "x", "origin": [-0.875, -4, -8.75]},
			"faces": {
				"up": {"uv": [0, 0, 16, 16], "rotation": 180, "texture": "#all", "tintindex": 0},
				"down": {"uv": [0, 0, 16, 16], "texture": "#all", "tintindex": 0}
			}
		},
		{
			"from": [-9, -4, -1],
			"to": [-9, 18.5, 15],
			"rotation": {"angle": -45, "axis": "z", "origin": [-8.75, -4, -1]},
			"faces": {
				"east": {"uv": [0, 0, 16, 16], "texture": "#all", "tintindex": 0},
				"west": {"uv": [0, 0, 16, 16], "texture": "#all", "tintindex": 0}
			}
		},
		{
			"from": [23, -4, -1],
			"to": [23, 18.5, 15],
			"rotation": {"angle": 45, "axis": "z", "origin": [23.125, -4, -1]},
			"faces": {
				"east": {"uv": [0, 0, 16, 16], "texture": "#all", "tintindex": 0},
				"west": {"uv": [0, 0, 16, 16], "texture": "#all", "tintindex": 0}
			}
		},
		{
			"from": [-1, -4, 0.5],
			"to": [15, -4, 23],
			"rotation": {"angle": 45, "axis": "x", "origin": [-1, -4, 23]},
			"faces": {
				"up": {"uv": [0, 0, 16, 16], "texture": "#all", "tintindex": 0},
				"down": {"uv": [0, 0, 16, 16], "rotation": 180, "texture": "#all", "tintindex": 0}
			}
		}
	]
}
