{
	"parent": "minecraft:block/block",
	"textures": {
		"particle": "#all"
	},
	"elements": [
		{
			"from": [0, 0, -7.5],
			"to": [16, 0, 15],
			"rotation": {"angle": -45, "axis": "x", "origin": [0.125, 0, -7.75]},
			"faces": {
				"up": {"uv": [0, 0, 16, 16], "rotation": 180, "texture": "#all", "tintindex": 0},
				"down": {"uv": [0, 0, 16, 16], "texture": "#all", "tintindex": 0}
			}
		},
		{
			"from": [-8, 0, 0],
			"to": [-8, 22.5, 16],
			"rotation": {"angle": -45, "axis": "z", "origin": [-7.75, 0, 0]},
			"faces": {
				"east": {"uv": [0, 0, 16, 16], "texture": "#all", "tintindex": 0},
				"west": {"uv": [0, 0, 16, 16], "texture": "#all", "tintindex": 0}
			}
		},
		{
			"from": [24, 0, 0],
			"to": [24, 22.5, 16],
			"rotation": {"angle": 45, "axis": "z", "origin": [24.125, 0, 0]},
			"faces": {
				"east": {"uv": [0, 0, 16, 16], "texture": "#all", "tintindex": 0},
				"west": {"uv": [0, 0, 16, 16], "texture": "#all", "tintindex": 0}
			}
		},
		{
			"from": [0, 0, 1.5],
			"to": [16, 0, 24],
			"rotation": {"angle": 45, "axis": "x", "origin": [0, 0, 24]},
			"faces": {
				"up": {"uv": [0, 0, 16, 16], "texture": "#all", "tintindex": 0},
				"down": {"uv": [0, 0, 16, 16], "rotation": 180, "texture": "#all", "tintindex": 0}
			}
		}
	]
}
