{
	"textures": {
		"particle": "#all"
	},
	"elements": [
		{
			"from": [-2, -6, -5.5],
			"to": [14, -6, 17],
			"rotation": {"angle": -45, "axis": "x", "origin": [-1.875, -6, -5.75]},
			"faces": {
				"up": {"uv": [0, 0, 16, 16], "rotation": 180, "texture": "#all", "tintindex": 0},
				"down": {"uv": [0, 0, 16, 16], "texture": "#all", "tintindex": 0}
			}
		},
		{
			"from": [-10, -6, 2],
			"to": [-10, 16.5, 18],
			"rotation": {"angle": -45, "axis": "z", "origin": [-9.75, -6, 2]},
			"faces": {
				"east": {"uv": [0, 0, 16, 16], "texture": "#all", "tintindex": 0},
				"west": {"uv": [0, 0, 16, 16], "texture": "#all", "tintindex": 0}
			}
		},
		{
			"from": [22, -6, 2],
			"to": [22, 16.5, 18],
			"rotation": {"angle": 45, "axis": "z", "origin": [22.125, -6, 2]},
			"faces": {
				"east": {"uv": [0, 0, 16, 16], "texture": "#all", "tintindex": 0},
				"west": {"uv": [0, 0, 16, 16], "texture": "#all", "tintindex": 0}
			}
		},
		{
			"from": [-2, -6, 3.5],
			"to": [14, -6, 26],
			"rotation": {"angle": 45, "axis": "x", "origin": [-2, -6, 26]},
			"faces": {
				"up": {"uv": [0, 0, 16, 16], "texture": "#all", "tintindex": 0},
				"down": {"uv": [0, 0, 16, 16], "rotation": 180, "texture": "#all", "tintindex": 0}
			}
		}
	]
}
