{
	"parent": "block/block",
	"ambientocclusion": false,
	"textures": {
		"0": "minecraft:block/sandstone_stairs_top_side",
		"1": "minecraft:block/sandstone1",
		"2": "minecraft:block/sandstone_stairs_top_bottom",
		"particle": "minecraft:block/sandstone1"
	},
	"elements": [
		{
			"from": [4.5, 8, 0],
			"to": [16, 11.5, 16],
			"rotation": {"angle": 0, "axis": "y", "origin": [7.91667, 8.58333, 10.5]},
			"faces": {
				"north": {"uv": [0, 4.5, 11.5, 8], "texture": "#0", "cullface": "north"},
				"east": {"uv": [0, 3.5, 16, 8], "texture": "#1", "cullface": "east"},
				"south": {"uv": [4.5, 4.5, 16, 8], "texture": "#0", "cullface": "south"},
				"west": {"uv": [0, 4.5, 16, 8], "texture": "#0"},
				"down": {"uv": [0, 4.5, 16, 16], "rotation": 270, "texture": "#2"}
			}
		},
		{
			"from": [13, 0, 0],
			"to": [16, 8, 16],
			"rotation": {"angle": 0, "axis": "y", "origin": [7.91667, 8.58333, 10.5]},
			"faces": {
				"north": {"uv": [6.5, 8, 9.5, 16], "texture": "#0", "cullface": "north"},
				"east": {"uv": [0, 8, 16, 16], "texture": "#1", "cullface": "east"},
				"south": {"uv": [6.5, 8, 9.5, 16], "texture": "#0", "cullface": "south"},
				"west": {"uv": [0, 8, 16, 16], "texture": "#0"},
				"down": {"uv": [0, 13, 16, 16], "rotation": 270, "texture": "#2"}
			}
		},
		{
			"from": [1.5, 11.5, 0],
			"to": [16, 13.5, 16],
			"rotation": {"angle": 0, "axis": "y", "origin": [7.91667, 8.58333, 10.5]},
			"faces": {
				"north": {"uv": [0, 2.5, 14.5, 4.5], "texture": "#0", "cullface": "north"},
				"east": {"uv": [0, 1.5, 16, 3.5], "texture": "#1", "cullface": "east"},
				"south": {"uv": [1.5, 2.5, 16, 4.5], "texture": "#0", "cullface": "south"},
				"west": {"uv": [0, 2.5, 16, 4.5], "texture": "#0"},
				"down": {"uv": [0, 1.5, 16, 16], "rotation": 270, "texture": "#2"}
			}
		},
		{
			"from": [0, 13.5, 0],
			"to": [16, 16, 16],
			"rotation": {"angle": 0, "axis": "y", "origin": [8, 14.75, 8]},
			"faces": {
				"north": {"uv": [0, 0, 16, 2.5], "texture": "#0", "cullface": "north"},
				"east": {"uv": [0, 0, 16, 1.5], "texture": "#1", "cullface": "east"},
				"south": {"uv": [0, 0, 16, 2.5], "texture": "#0", "cullface": "south"},
				"west": {"uv": [0, 0, 16, 2.5], "texture": "#0"},
				"up": {"uv": [0, 0, 16, 16], "texture": "#1"},
				"down": {"uv": [0, 0, 16, 16], "rotation": 270, "texture": "#2"}
			}
		},
		{
			"from": [8.5, 2.5, 2],
			"to": [13, 8, 6.5],
			"rotation": {"angle": 0, "axis": "y", "origin": [7.91667, 8.58333, 10.5]},
			"faces": {
				"north": {"uv": [14.5, 8, 10, 13.5], "texture": "#0"},
				"south": {"uv": [10, 8, 14.5, 13.5], "texture": "#0"},
				"west": {"uv": [2, 8, 6.5, 13.5], "texture": "#0"},
				"down": {"uv": [2, 8.5, 6.5, 13], "rotation": 270, "texture": "#2"}
			}
		},
		{
			"from": [8.5, 2.5, 10],
			"to": [13, 8, 14.5],
			"rotation": {"angle": 0, "axis": "y", "origin": [7.91667, 8.58333, 10.5]},
			"faces": {
				"north": {"uv": [14.5, 8, 10, 13.5], "texture": "#0"},
				"south": {"uv": [10, 8, 14.5, 13.5], "texture": "#0"},
				"west": {"uv": [2, 8, 6.5, 13.5], "texture": "#0"},
				"down": {"uv": [10, 8.5, 14.5, 13], "rotation": 270, "texture": "#2"}
			}
		}
	],
	"display": {
		"gui": {
			"rotation": [0, 135, 0],
			"translation": [0, -2.25, 0],
			"scale": [0.7, 0.7, 0.7]
		}
	}
}
