{
	"ambientocclusion": false,
	"textures": {
		"0": "block/sandstone_stairs_top_side",
		"1": "block/sandstone1",
		"2": "block/sandstone_stairs_top_bottom_inner",
		"3": "block/sandstone_stairs_top_side_inner",
		"particle": "block/sandstone1"
	},
	"elements": [
		{
			"from": [0, 8, 0],
			"to": [16, 11.5, 11.5],
			"rotation": {"angle": 0, "axis": "y", "origin": [8.77778, 8.63889, 8.94444]},
			"faces": {
				"north": {"uv": [0, 3.5, 16, 8], "texture": "#1", "cullface": "east"},
				"east": {"uv": [4.5, 4.5, 16, 8], "texture": "#1", "cullface": "east"},
				"south": {"uv": [0, 4.5, 16, 8], "texture": "#0"},
				"west": {"uv": [0, 4.5, 11.5, 8], "texture": "#0", "cullface": "west"},
				"down": {"uv": [0, 4.5, 16, 16], "texture": "#2"}
			}
		},
		{
			"from": [4.5, 8, 11.5],
			"to": [16, 11.5, 16],
			"rotation": {"angle": 0, "axis": "y", "origin": [8.77778, 8.63889, 8.94444]},
			"faces": {
				"east": {"uv": [0, 4.5, 4.5, 8], "texture": "#1", "cullface": "east"},
				"south": {"uv": [4.5, 4.5, 16, 8], "texture": "#0", "cullface": "south"},
				"west": {"uv": [11.5, 4.5, 16, 8], "texture": "#0"},
				"down": {"uv": [4.5, 0, 16, 4.5], "texture": "#2"}
			}
		},
		{
			"from": [0, 0, 0],
			"to": [16, 8, 3],
			"rotation": {"angle": 0, "axis": "y", "origin": [8.77778, 8.63889, 8.94444]},
			"faces": {
				"north": {"uv": [0, 8, 16, 16], "texture": "#1", "cullface": "east"},
				"east": {"uv": [13, 8, 16, 16], "texture": "#1", "cullface": "east"},
				"south": {"uv": [16, 8, 0, 16], "texture": "#3"},
				"west": {"uv": [6.5, 8, 9.5, 16], "texture": "#0", "cullface": "west"},
				"down": {"uv": [0, 13, 16, 16], "texture": "#2", "cullface": "down"}
			}
		},
		{
			"from": [13, 0, 3],
			"to": [16, 8, 16],
			"rotation": {"angle": 0, "axis": "y", "origin": [8.77778, 8.63889, 8.94444]},
			"faces": {
				"north": {"uv": [6.5, 8, 9.5, 16], "texture": "#0", "cullface": "north"},
				"east": {"uv": [0, 8, 13, 16], "texture": "#1", "cullface": "east"},
				"south": {"uv": [6.5, 8, 9.5, 16], "texture": "#0", "cullface": "south"},
				"west": {"uv": [3, 8, 16, 16], "texture": "#3"},
				"down": {"uv": [13, 0, 16, 13], "texture": "#2", "cullface": "down"}
			}
		},
		{
			"from": [0, 11.5, 0],
			"to": [16, 13.5, 14.5],
			"rotation": {"angle": 0, "axis": "y", "origin": [8.77778, 8.63889, 8.94444]},
			"faces": {
				"north": {"uv": [0, 2.5, 16, 4.5], "texture": "#1", "cullface": "east"},
				"east": {"uv": [1.5, 2.5, 16, 4.5], "texture": "#1", "cullface": "east"},
				"south": {"uv": [0, 2.5, 16, 4.5], "texture": "#0"},
				"west": {"uv": [0, 2.5, 14.5, 4.5], "texture": "#0", "cullface": "west"},
				"down": {"uv": [0, 1.5, 16, 16], "texture": "#2"}
			}
		},
		{
			"from": [1.5, 11.5, 14.5],
			"to": [16, 13.5, 16],
			"rotation": {"angle": 0, "axis": "y", "origin": [8.77778, 8.63889, 8.94444]},
			"faces": {
				"east": {"uv": [0, 2.5, 1.5, 4.5], "texture": "#1", "cullface": "east"},
				"south": {"uv": [1.5, 2.5, 16, 4.5], "texture": "#0", "cullface": "south"},
				"west": {"uv": [14.5, 2.5, 16, 4.5], "texture": "#0"},
				"down": {"uv": [1.5, 0, 16, 1.5], "texture": "#2"}
			}
		},
		{
			"from": [0, 13.5, 0],
			"to": [16, 16, 16],
			"rotation": {"angle": 0, "axis": "y", "origin": [8.77778, 8.63889, 8.94444]},
			"faces": {
				"north": {"uv": [0, 0, 16, 2.5], "texture": "#0", "cullface": "north"},
				"east": {"uv": [0, 0, 16, 2.5], "texture": "#1", "cullface": "east"},
				"south": {"uv": [0, 0, 16, 2.5], "texture": "#0", "cullface": "south"},
				"west": {"uv": [0, 0, 16, 2.5], "texture": "#0", "cullface": "west"},
				"up": {"uv": [0, 0, 16, 16], "texture": "#1", "cullface": "up"},
				"down": {"uv": [0, 0, 16, 16], "texture": "#2"}
			}
		},
		{
			"from": [2, 2.5, 3],
			"to": [6.5, 8, 7.5],
			"rotation": {"angle": 0, "axis": "y", "origin": [8.77778, 8.63889, 8.94444]},
			"faces": {
				"east": {"uv": [10, 8, 14.5, 13.5], "texture": "#0"},
				"south": {"uv": [2, 8, 6.5, 13.5], "texture": "#0"},
				"west": {"uv": [14.5, 8, 10, 13.5], "texture": "#0"},
				"down": {"uv": [2, 8.5, 6.5, 13], "texture": "#2"}
			}
		},
		{
			"from": [8.5, 2.5, 10],
			"to": [13, 8, 14.5],
			"rotation": {"angle": 0, "axis": "y", "origin": [8.77778, 8.63889, 8.94444]},
			"faces": {
				"north": {"uv": [14.5, 8, 10, 13.5], "texture": "#0"},
				"south": {"uv": [10, 8, 14.5, 13.5], "texture": "#0"},
				"west": {"uv": [2, 8, 6.5, 13.5], "texture": "#0"},
				"down": {"uv": [8.5, 1.5, 13, 6], "texture": "#2"}
			}
		}
	]
}