{
	"parent": "block/block",
	"ambientocclusion": false,
	"textures": {
		"log": "block/campfire_log",
		"particle": "block/black_wool"
	},
	"elements": [
		{
			"from": [2, 0, 6.5],
			"to": [13, 2.5, 9],
			"rotation": {"angle": 22.5, "axis": "z", "origin": [2, 0, 6.5]},
			"faces": {
				"north": {"uv": [0, 13.5, 11, 16], "rotation": 180, "texture": "#log"},
				"east": {"uv": [8.5, 13.5, 11, 16], "texture": "#log"},
				"south": {"uv": [0, 13.5, 11, 16], "texture": "#log"},
				"west": {"uv": [11, 11, 13.5, 13.5], "texture": "#log"},
				"up": {"uv": [0, 13.5, 11, 16], "texture": "#log"},
				"down": {"uv": [0, 13.5, 11, 16], "texture": "#log"}
			}
		},
		{
			"from": [4, 4.5, 9.5],
			"to": [15, 7, 12],
			"rotation": {"angle": -22.5, "axis": "z", "origin": [4, 4.5, 9.5]},
			"faces": {
				"north": {"uv": [0, 13.5, 11, 16], "texture": "#log"},
				"east": {"uv": [11, 11, 13.5, 13.5], "texture": "#log"},
				"south": {"uv": [0, 13.5, 11, 16], "rotation": 180, "texture": "#log"},
				"west": {"uv": [8.5, 13.5, 11, 16], "texture": "#log"},
				"up": {"uv": [0, 13.5, 11, 16], "rotation": 180, "texture": "#log"},
				"down": {"uv": [0, 13.5, 11, 16], "rotation": 180, "texture": "#log"}
			}
		},
		{
			"from": [6, 0, 3],
			"to": [8.5, 2.5, 13],
			"rotation": {"angle": -45, "axis": "x", "origin": [6, 0, 3]},
			"faces": {
				"north": {"uv": [11, 11, 13.5, 13.5], "texture": "#log"},
				"east": {"uv": [0, 13.5, 10, 16], "rotation": 180, "texture": "#log"},
				"south": {"uv": [8.5, 13.5, 11, 16], "texture": "#log"},
				"west": {"uv": [0, 13.5, 10, 16], "texture": "#log"},
				"up": {"uv": [0, 13.5, 10, 16], "rotation": 90, "texture": "#log"},
				"down": {"uv": [0, 13.5, 10, 16], "rotation": 270, "texture": "#log"}
			}
		},
		{
			"from": [9.5, 0, 5.5],
			"to": [12, 2.5, 16.5],
			"rotation": {"angle": -45, "axis": "y", "origin": [9.5, 0, 5.5]},
			"faces": {
				"north": {"uv": [8.5, 13.5, 11, 16], "texture": "#log"},
				"east": {"uv": [0, 13.5, 11, 16], "texture": "#log"},
				"south": {"uv": [11, 11, 13.5, 13.5], "texture": "#log"},
				"west": {"uv": [0, 13.5, 11, 16], "rotation": 180, "texture": "#log"},
				"up": {"uv": [0, 13.5, 11, 16], "rotation": 270, "texture": "#log"},
				"down": {"uv": [0, 13.5, 11, 16], "rotation": 90, "texture": "#log", "cullface": "down"}
			}
		},
		{
			"from": [0.8, 1, 8],
			"to": [15.2, 17, 8],
			"shade": false,
			"rotation": {"angle": 45, "axis": "y", "origin": [8, 8, 8], "rescale": true},
			"faces": {
				"north": {"uv": [0, 0, 16, 16], "texture": "#fire"},
				"south": {"uv": [0, 0, 16, 16], "texture": "#fire"}
			}
		},
		{
			"from": [8, 1, 0.8],
			"to": [8, 17, 15.2],
			"shade": false,
			"rotation": {"angle": 45, "axis": "y", "origin": [8, 8, 8], "rescale": true},
			"faces": {
				"east": {"uv": [0, 0, 16, 16], "texture": "#fire"},
				"west": {"uv": [0, 0, 16, 16], "texture": "#fire"}
			}
		}
	],
	"display": {
		"gui": {
			"rotation": [30, 0, 0],
			"translation": [0, 0.5, 0],
			"scale": [0.8, 0.8, 0.8]
		},
		"head": {
			"translation": [0, 10.5, 0]
		}
	}
}
