{
	"ambientocclusion": false,
	"elements": [
		{
			"name": "wall",
			"from": [5, 10, 0],
			"to": [11, 14, 8],
			"faces": {
				"north": {"uv": [10, 2, 16, 6], "texture": "#side", "cullface": "north"},
				"east": {"uv": [8, 2, 16, 6], "texture": "#side"},
				"west": {"uv": [16, 2, 8, 6], "texture": "#side"},
				"up": {"uv": [8, 8, 14, 16], "texture": "#wall"},
				"down": {"uv": [8, 8, 14, 16], "texture": "#wall"}
			}
		},
		{
			"name": "wall",
			"from": [6, 8.5, 0],
			"to": [10, 10, 2],
			"rotation": {"angle": 0, "axis": "y", "origin": [9.5, 4, 2.5]},
			"faces": {
				"north": {"uv": [11.5, 6, 15.5, 7.5], "texture": "#side", "cullface": "north"},
				"east": {"uv": [11.5, 6, 13.5, 7.5], "texture": "#side"},
				"south": {"uv": [11.5, 6, 15.5, 7.5], "texture": "#side"},
				"west": {"uv": [13.5, 6, 15.5, 7.5], "texture": "#side"},
				"down": {"uv": [10.5, 2.5, 13.5, 5.5], "texture": "#wall"}
			}
		},
		{
			"name": "wall",
			"from": [6, 8.5, 6],
			"to": [10, 10, 8],
			"rotation": {"angle": 0, "axis": "y", "origin": [9.5, 4, 10.5]},
			"faces": {
				"north": {"uv": [11.5, 6, 15.5, 7.5], "texture": "#side"},
				"east": {"uv": [13.5, 6, 15.5, 7.5], "texture": "#side"},
				"west": {"uv": [11.5, 6, 13.5, 7.5], "texture": "#side"},
				"down": {"uv": [10.5, 2.5, 13.5, 5.5], "texture": "#wall"}
			}
		},
		{
			"name": "wall",
			"from": [5.5, 2.5, 0],
			"to": [10.5, 6.5, 2.5],
			"rotation": {"angle": 0, "axis": "y", "origin": [9.5, -2.5, 2.5]},
			"faces": {
				"north": {"uv": [11, 9.5, 16, 13.5], "texture": "#side", "cullface": "north"},
				"east": {"uv": [11, 9.5, 13.5, 13.5], "texture": "#side"},
				"south": {"uv": [11, 9.5, 16, 13.5], "texture": "#side"},
				"west": {"uv": [13.5, 9.5, 16, 13.5], "texture": "#side"},
				"up": {"uv": [10.5, 2.5, 13.5, 5.5], "texture": "#wall"},
				"down": {"uv": [10.5, 2.5, 13.5, 5.5], "texture": "#wall"}
			}
		},
		{
			"name": "wall",
			"from": [5.5, 2.5, 5.5],
			"to": [10.5, 6.5, 8],
			"rotation": {"angle": 0, "axis": "y", "origin": [9.5, -2.5, 10.5]},
			"faces": {
				"north": {"uv": [11, 9.5, 16, 13.5], "texture": "#side"},
				"east": {"uv": [13.5, 9.5, 16, 13.5], "texture": "#side"},
				"west": {"uv": [11, 9.5, 13.5, 13.5], "texture": "#side"},
				"up": {"uv": [10.5, 2.5, 13.5, 5.5], "texture": "#wall"},
				"down": {"uv": [10.5, 2.5, 13.5, 5.5], "texture": "#wall"}
			}
		},
		{
			"name": "wall",
			"from": [6, 0, 0],
			"to": [10, 1.5, 2],
			"rotation": {"angle": 0, "axis": "y", "origin": [9.5, -5, 2.5]},
			"faces": {
				"north": {"uv": [11.5, 14.5, 15.5, 16], "texture": "#side", "cullface": "north"},
				"east": {"uv": [11.5, 14.5, 13.5, 16], "texture": "#side"},
				"south": {"uv": [11.5, 14.5, 15.5, 16], "texture": "#side"},
				"west": {"uv": [13.5, 14.5, 15.5, 16], "texture": "#side"},
				"up": {"uv": [10.5, 2.5, 13.5, 5.5], "texture": "#wall"},
				"down": {"uv": [10.5, 2.5, 13.5, 5.5], "texture": "#wall"}
			}
		},
		{
			"name": "wall",
			"from": [6, 0, 6],
			"to": [10, 1.5, 8],
			"rotation": {"angle": 0, "axis": "y", "origin": [9.5, -5, 10.5]},
			"faces": {
				"north": {"uv": [11.5, 14.5, 15.5, 16], "texture": "#side"},
				"east": {"uv": [13.5, 14.5, 15.5, 16], "texture": "#side"},
				"west": {"uv": [11.5, 14.5, 13.5, 16], "texture": "#side"},
				"up": {"uv": [10.5, 2.5, 13.5, 5.5], "texture": "#wall"},
				"down": {"uv": [10.5, 2.5, 13.5, 5.5], "texture": "#wall"}
			}
		},
		{
			"name": "wall",
			"from": [6.5, 1.5, 0],
			"to": [9.5, 8.5, 1.5],
			"rotation": {"angle": 0, "axis": "y", "origin": [9.5, 3, 2.5]},
			"faces": {
				"north": {"uv": [12, 7.5, 15, 14.5], "texture": "#side", "cullface": "north"},
				"east": {"uv": [12, 7.5, 13.5, 14.5], "texture": "#side"},
				"south": {"uv": [12, 7.5, 15, 14.5], "texture": "#side"},
				"west": {"uv": [13.5, 7.5, 15, 14.5], "texture": "#side"}
			}
		},
		{
			"name": "wall",
			"from": [6.5, 1.5, 6.5],
			"to": [9.5, 8.5, 8],
			"rotation": {"angle": 0, "axis": "y", "origin": [9.5, 3, 10.5]},
			"faces": {
				"north": {"uv": [12, 7.5, 15, 14.5], "texture": "#side"},
				"east": {"uv": [13.5, 7.5, 15, 14.5], "texture": "#side"},
				"west": {"uv": [12, 7.5, 13.5, 14.5], "texture": "#side"}
			}
		}
	]
}
