{
	"ambientocclusion": false,
	"elements": [
		{
			"from": [7, 3.5, 0],
			"to": [9, 16, 1],
			"rotation": {"angle": 0, "axis": "y", "origin": [8, 8, 0.75]},
			"faces": {
				"north": {"uv": [3.5, 0, 16, 2], "rotation": 90, "texture": "#side", "cullface": "north"},
				"east": {"uv": [3.5, 0, 16, 1], "rotation": 90, "texture": "#side"},
				"south": {"uv": [3.5, 0, 16, 2], "rotation": 90, "texture": "#side"},
				"west": {"uv": [3.5, 1, 16, 2], "rotation": 90, "texture": "#side"}
			}
		},
		{
			"from": [7, 3.5, 7],
			"to": [9, 16, 8],
			"rotation": {"angle": 0, "axis": "y", "origin": [8, 8, 7.25]},
			"faces": {
				"north": {"uv": [3.5, 0, 16, 2], "rotation": 90, "texture": "#side"},
				"east": {"uv": [3.5, 1, 16, 2], "rotation": 90, "texture": "#side"},
				"west": {"uv": [3.5, 0, 16, 1], "rotation": 90, "texture": "#side"}
			}
		},
		{
			"from": [6, 0, 6],
			"to": [10, 3.5, 8],
			"rotation": {"angle": 0, "axis": "y", "origin": [8, 8, 7.25]},
			"faces": {
				"north": {"uv": [0, 0, 3.5, 4], "rotation": 270, "texture": "#side"},
				"east": {"uv": [0, 2, 3.5, 4], "rotation": 270, "texture": "#side"},
				"west": {"uv": [0, 0, 3.5, 2], "rotation": 270, "texture": "#side"},
				"up": {"uv": [10, 2, 14, 6], "texture": "#wall"},
				"down": {"uv": [10, 2, 14, 6], "texture": "#wall"}
			}
		},
		{
			"from": [6, 0, 0],
			"to": [10, 3.5, 2],
			"rotation": {"angle": 0, "axis": "y", "origin": [8, 8, -0.75]},
			"faces": {
				"north": {"uv": [0, 0, 3.5, 4], "rotation": 270, "texture": "#side", "cullface": "north"},
				"east": {"uv": [0, 0, 3.5, 2], "rotation": 270, "texture": "#side"},
				"south": {"uv": [0, 0, 3.5, 4], "rotation": 270, "texture": "#side"},
				"west": {"uv": [0, 2, 3.5, 4], "rotation": 270, "texture": "#side"},
				"up": {"uv": [10, 2, 14, 6], "texture": "#wall"},
				"down": {"uv": [10, 2, 14, 6], "texture": "#wall"}
			}
		}
	]
}