{
	"ambientocclusion": false,
	"elements": [
		{
			"name": "Center post",
			"from": [4, 0, 4],
			"to": [12, 16, 12],
			"faces": {
				"north": {"uv": [0, 0, 8, 16], "texture": "#wall"},
				"east": {"uv": [0, 0, 8, 16], "texture": "#wall"},
				"south": {"uv": [0, 0, 8, 16], "texture": "#wall"},
				"west": {"uv": [0, 0, 8, 16], "texture": "#wall"},
				"up": {"uv": [8, 0, 16, 8], "texture": "#wall", "cullface": "up"},
				"down": {"uv": [8, 0, 16, 8], "texture": "#wall", "cullface": "down"}
			}
		}
	]
}
