{
	"parent": "minecraft:block/block",
	"textures": {
		"texture": "block/torch",
		"particle": "block/black_wool"
	},
	"elements": [
		{
			"from": [7, 4.5, 7],
			"to": [10.5, 8, 7.001],
			"rotation": {"angle": -45, "axis": "y", "origin": [7, 4.5, 7]},
			"faces": {
				"north": {"uv": [6.5, 7.5, 9, 11], "texture": "#texture"},
				"south": {"uv": [6.5, 7.5, 9, 11], "texture": "#texture"}
			}
		},
		{
			"from": [7, 4.5, 9.5],
			"to": [10.5, 8, 9.501],
			"rotation": {"angle": 45, "axis": "y", "origin": [7, 4.5, 9.5]},
			"faces": {
				"north": {"uv": [6.5, 7.5, 9, 11], "texture": "#texture"},
				"south": {"uv": [6.5, 7.5, 9, 11], "texture": "#texture"}
			}
		},
		{
			"from": [7.5, 1.5, 7.5],
			"to": [9, 4.5, 9],
			"faces": {
				"north": {"uv": [7, 11, 8.5, 14.5], "texture": "#texture"},
				"east": {"uv": [7, 11, 8.5, 14.5], "texture": "#texture"},
				"south": {"uv": [7, 11, 8.5, 14.5], "texture": "#texture"},
				"west": {"uv": [7, 11, 8.5, 14.5], "texture": "#texture"},
				"up": {"uv": [7, 11, 8.5, 12.5], "texture": "#texture"}
			}
		},
		{
			"from": [6, 0, 6],
			"to": [10.5, 1.5, 10.5],
			"faces": {
				"north": {"uv": [10, 14.5, 15.5, 16], "texture": "#texture"},
				"east": {"uv": [10, 14.5, 15.5, 16], "texture": "#texture"},
				"south": {"uv": [10, 14.5, 15.5, 16], "texture": "#texture"},
				"west": {"uv": [10, 14.5, 15.5, 16], "texture": "#texture"},
				"up": {"uv": [0.5, 10, 6, 15.5], "texture": "#texture"},
				"down": {"uv": [0.5, 10, 6, 15.5], "texture": "#texture", "cullface": "down"}
			}
		},
		{
			"from": [6, 1.5, 6],
			"to": [10.5, 9, 10.5],
			"faces": {
				"north": {"uv": [10, 6, 15.5, 14.5], "texture": "#texture"},
				"east": {"uv": [10, 6, 15.5, 14.5], "texture": "#texture"},
				"south": {"uv": [10, 6, 15.5, 14.5], "texture": "#texture"},
				"west": {"uv": [10, 6, 15.5, 14.5], "texture": "#texture"}
			}
		},
		{
			"from": [5.5, 9, 5.5],
			"to": [11, 10, 11],
			"faces": {
				"north": {"uv": [9.5, 5, 16, 6], "texture": "#texture"},
				"east": {"uv": [9.5, 5, 16, 6], "texture": "#texture"},
				"south": {"uv": [9.5, 5, 16, 6], "texture": "#texture"},
				"west": {"uv": [9.5, 5, 16, 6], "texture": "#texture"},
				"up": {"uv": [0, 9.5, 6.5, 16], "texture": "#texture"},
				"down": {"uv": [0, 9.5, 6.5, 16], "texture": "#texture"}
			}
		},
		{
			"from": [7, 10, 7],
			"to": [9.5, 11, 9.5],
			"faces": {
				"north": {"uv": [11.5, 4, 14, 5], "texture": "#texture"},
				"east": {"uv": [11.5, 4, 14, 5], "texture": "#texture"},
				"south": {"uv": [11.5, 4, 14, 5], "texture": "#texture"},
				"west": {"uv": [11.5, 4, 14, 5], "texture": "#texture"}
			}
		},
		{
			"from": [6.5, 11, 6.5],
			"to": [10, 11.5, 10],
			"faces": {
				"north": {"uv": [11, 3.5, 14.5, 4], "texture": "#texture"},
				"east": {"uv": [11, 3.5, 14.5, 4], "texture": "#texture"},
				"south": {"uv": [11, 3.5, 14.5, 4], "texture": "#texture"},
				"west": {"uv": [11, 3.5, 14.5, 4], "texture": "#texture"},
				"up": {"uv": [0, 9.5, 6.5, 16], "texture": "#texture"},
				"down": {"uv": [1.5, 11, 5, 14.5], "texture": "#texture"}
			}
		},
		{
			"from": [7.5, 11.5, 8],
			"to": [9, 12, 8.5],
			"faces": {
				"north": {"uv": [12.5, 3, 13, 3.5], "texture": "#texture"},
				"east": {"uv": [12.5, 3, 13, 3.5], "texture": "#texture"},
				"south": {"uv": [12.5, 3, 13, 3.5], "texture": "#texture"},
				"west": {"uv": [12.5, 3, 13, 3.5], "texture": "#texture"},
				"up": {"uv": [12.5, 3, 13, 3.5], "texture": "#texture"},
				"down": {"uv": [7.5, 8, 8, 8.5], "texture": "#texture"}
			}
		}
	],
	"display": {
		"gui": {
			"rotation": [30, 45, 0],
			"translation": [-0.25, 2.75, 0],
			"scale": [1.25, 1.25, 1.25]
		}
	}
}
