{
	"ambientocclusion": false,
	"textures": {
		"0": "block/warped_fence",
		"1": "block/warped_fence1",
		"particle": "block/warped_planks"
	},
	"elements": [
		{
			"from": [6.25, 13.5, 10],
			"to": [9.75, 16, 16],
			"faces": {
				"east": {"uv": [7, 0, 9.5, 6], "rotation": 270, "texture": "#0"},
				"south": {"uv": [7, 0, 9.5, 3.5], "rotation": 270, "texture": "#0", "cullface": "south"},
				"west": {"uv": [7, 0, 9.5, 6], "rotation": 270, "texture": "#0"},
				"up": {"uv": [0, 0, 3.5, 6], "rotation": 180, "texture": "#0"},
				"down": {"uv": [0, 0, 3.5, 6], "texture": "#0"}
			}
		},
		{
			"from": [0, 13.5, 6.25],
			"to": [16, 16, 9.75],
			"faces": {
				"north": {"uv": [7, 0, 9.5, 16], "rotation": 270, "texture": "#0"},
				"east": {"uv": [9.5, 0, 12, 3.5], "rotation": 270, "texture": "#0", "cullface": "east"},
				"south": {"uv": [7, 0, 9.5, 16], "rotation": 270, "texture": "#0"},
				"west": {"uv": [7, 0, 9.5, 3.5], "rotation": 270, "texture": "#0", "cullface": "west"},
				"up": {"uv": [0, 0, 3.5, 16], "rotation": 270, "texture": "#0"},
				"down": {"uv": [0, 0, 3.5, 16], "rotation": 270, "texture": "#0"}
			}
		},
		{
			"from": [6.75, 12, 12],
			"to": [9.25, 13.5, 14.5],
			"rotation": {"angle": 0, "axis": "y", "origin": [8, 7.9, 13.25]},
			"faces": {
				"north": {"uv": [4.5, 11, 7, 12.5], "texture": "#0"},
				"east": {"uv": [4.5, 11, 7, 12.5], "texture": "#0"},
				"south": {"uv": [4.5, 11, 7, 12.5], "texture": "#0"},
				"west": {"uv": [4.5, 11, 7, 12.5], "texture": "#0"},
				"down": {"uv": [0.5, 7, 3, 9.5], "rotation": 270, "texture": "#0"}
			}
		},
		{
			"from": [1.5, 12, 6.75],
			"to": [4, 13.5, 9.25],
			"faces": {
				"north": {"uv": [4.5, 11, 7, 12.5], "texture": "#0"},
				"east": {"uv": [4.5, 11, 7, 12.5], "texture": "#0"},
				"south": {"uv": [4.5, 11, 7, 12.5], "texture": "#0"},
				"west": {"uv": [4.5, 11, 7, 12.5], "texture": "#0"},
				"down": {"uv": [0.5, 7, 3, 9.5], "rotation": 180, "texture": "#0"}
			}
		},
		{
			"from": [12, 12, 6.75],
			"to": [14.5, 13.5, 9.25],
			"faces": {
				"north": {"uv": [4.5, 11, 7, 12.5], "texture": "#0"},
				"east": {"uv": [4.5, 11, 7, 12.5], "texture": "#0"},
				"south": {"uv": [4.5, 11, 7, 12.5], "texture": "#0"},
				"west": {"uv": [4.5, 11, 7, 12.5], "texture": "#0"},
				"down": {"uv": [0.5, 7, 3, 9.5], "rotation": 180, "texture": "#0"}
			}
		},
		{
			"from": [6.75, 10.5, 12],
			"to": [9.25, 11.5, 14.5],
			"rotation": {"angle": 0, "axis": "y", "origin": [8, 7.9, 13.25]},
			"faces": {
				"north": {"uv": [4.5, 13, 7, 14], "texture": "#0"},
				"east": {"uv": [4.5, 13, 7, 14], "texture": "#0"},
				"south": {"uv": [4.5, 13, 7, 14], "texture": "#0"},
				"west": {"uv": [4.5, 13, 7, 14], "texture": "#0"},
				"up": {"uv": [0.5, 7, 3, 9.5], "rotation": 90, "texture": "#0"},
				"down": {"uv": [0.5, 7, 3, 9.5], "rotation": 270, "texture": "#0"}
			}
		},
		{
			"from": [1.5, 10.5, 6.75],
			"to": [4, 11.5, 9.25],
			"faces": {
				"north": {"uv": [4.5, 13, 7, 14], "texture": "#0"},
				"east": {"uv": [4.5, 13, 7, 14], "texture": "#0"},
				"south": {"uv": [4.5, 13, 7, 14], "texture": "#0"},
				"west": {"uv": [4.5, 13, 7, 14], "texture": "#0"},
				"up": {"uv": [0.5, 7, 3, 9.5], "rotation": 180, "texture": "#0"},
				"down": {"uv": [0.5, 7, 3, 9.5], "rotation": 180, "texture": "#0"}
			}
		},
		{
			"from": [12, 10.5, 6.75],
			"to": [14.5, 11.5, 9.25],
			"faces": {
				"north": {"uv": [4.5, 13, 7, 14], "texture": "#0"},
				"east": {"uv": [4.5, 13, 7, 14], "texture": "#0"},
				"south": {"uv": [4.5, 13, 7, 14], "texture": "#0"},
				"west": {"uv": [4.5, 13, 7, 14], "texture": "#0"},
				"up": {"uv": [0.5, 7, 3, 9.5], "rotation": 180, "texture": "#0"},
				"down": {"uv": [0.5, 7, 3, 9.5], "rotation": 180, "texture": "#0"}
			}
		},
		{
			"from": [6.75, 0, 12],
			"to": [9.25, 2, 14.5],
			"rotation": {"angle": 0, "axis": "y", "origin": [8, 7.9, 13.25]},
			"faces": {
				"north": {"uv": [4.5, 14, 7, 16], "texture": "#0"},
				"east": {"uv": [4.5, 14, 7, 16], "texture": "#0"},
				"south": {"uv": [4.5, 14, 7, 16], "texture": "#0"},
				"west": {"uv": [4.5, 14, 7, 16], "texture": "#0"},
				"up": {"uv": [0.5, 7, 3, 9.5], "rotation": 90, "texture": "#0"},
				"down": {"uv": [0.5, 7, 3, 9.5], "rotation": 270, "texture": "#0", "cullface": "down"}
			}
		},
		{
			"from": [1.5, 0, 6.75],
			"to": [4, 2, 9.25],
			"faces": {
				"north": {"uv": [4.5, 14, 7, 16], "texture": "#0"},
				"east": {"uv": [4.5, 14, 7, 16], "texture": "#0"},
				"south": {"uv": [4.5, 14, 7, 16], "texture": "#0"},
				"west": {"uv": [4.5, 14, 7, 16], "texture": "#0"},
				"up": {"uv": [0.5, 7, 3, 9.5], "rotation": 180, "texture": "#0"},
				"down": {"uv": [0.5, 7, 3, 9.5], "rotation": 180, "texture": "#0", "cullface": "down"}
			}
		},
		{
			"from": [12, 0, 6.75],
			"to": [14.5, 2, 9.25],
			"faces": {
				"north": {"uv": [4.5, 14, 7, 16], "texture": "#0"},
				"east": {"uv": [4.5, 14, 7, 16], "texture": "#0"},
				"south": {"uv": [4.5, 14, 7, 16], "texture": "#0"},
				"west": {"uv": [4.5, 14, 7, 16], "texture": "#0"},
				"up": {"uv": [0.5, 7, 3, 9.5], "rotation": 180, "texture": "#0"},
				"down": {"uv": [0.5, 7, 3, 9.5], "rotation": 180, "texture": "#0", "cullface": "down"}
			}
		},
		{
			"from": [6.75, 6, 12],
			"to": [9.25, 10, 14.5],
			"rotation": {"angle": 0, "axis": "y", "origin": [8, 7.9, 13.25]},
			"faces": {
				"north": {"uv": [7, 6, 9.5, 10], "texture": "#0"},
				"east": {"uv": [7, 6, 9.5, 10], "texture": "#0"},
				"south": {"uv": [7, 6, 9.5, 10], "texture": "#0"},
				"west": {"uv": [7, 6, 9.5, 10], "texture": "#0"},
				"up": {"uv": [0.5, 7, 3, 9.5], "rotation": 90, "texture": "#0"},
				"down": {"uv": [0.5, 7, 3, 9.5], "rotation": 270, "texture": "#0"}
			}
		},
		{
			"from": [1.5, 6, 6.75],
			"to": [4, 10, 9.25],
			"faces": {
				"north": {"uv": [7, 6, 9.5, 10], "texture": "#0"},
				"east": {"uv": [7, 6, 9.5, 10], "texture": "#0"},
				"south": {"uv": [7, 6, 9.5, 10], "texture": "#0"},
				"west": {"uv": [7, 6, 9.5, 10], "texture": "#0"},
				"up": {"uv": [0.5, 7, 3, 9.5], "rotation": 180, "texture": "#0"},
				"down": {"uv": [0.5, 7, 3, 9.5], "rotation": 180, "texture": "#0"}
			}
		},
		{
			"from": [12, 6, 6.75],
			"to": [14.5, 10, 9.25],
			"faces": {
				"north": {"uv": [7, 6, 9.5, 10], "texture": "#0"},
				"east": {"uv": [7, 6, 9.5, 10], "texture": "#0"},
				"south": {"uv": [7, 6, 9.5, 10], "texture": "#0"},
				"west": {"uv": [7, 6, 9.5, 10], "texture": "#0"},
				"up": {"uv": [0.5, 7, 3, 9.5], "rotation": 180, "texture": "#0"},
				"down": {"uv": [0.5, 7, 3, 9.5], "rotation": 180, "texture": "#0"}
			}
		},
		{
			"from": [7.25, 2, 12.5],
			"to": [8.75, 12, 14],
			"rotation": {"angle": 0, "axis": "y", "origin": [8, 7.9, 13.25]},
			"faces": {
				"north": {"uv": [7, 0, 5.5, 10], "texture": "#0"},
				"east": {"uv": [7, 0, 5.5, 10], "texture": "#0"},
				"south": {"uv": [7, 0, 5.5, 10], "texture": "#0"},
				"west": {"uv": [7, 0, 5.5, 10], "texture": "#0"}
			}
		},
		{
			"from": [2, 2, 7.25],
			"to": [3.5, 12, 8.75],
			"faces": {
				"north": {"uv": [7, 0, 5.5, 10], "texture": "#0"},
				"east": {"uv": [7, 0, 5.5, 10], "texture": "#0"},
				"south": {"uv": [7, 0, 5.5, 10], "texture": "#0"},
				"west": {"uv": [7, 0, 5.5, 10], "texture": "#0"}
			}
		},
		{
			"from": [12.5, 2, 7.25],
			"to": [14, 12, 8.75],
			"faces": {
				"north": {"uv": [7, 0, 5.5, 10], "texture": "#0"},
				"east": {"uv": [7, 0, 5.5, 10], "texture": "#0"},
				"south": {"uv": [7, 0, 5.5, 10], "texture": "#0"},
				"west": {"uv": [7, 0, 5.5, 10], "texture": "#0"}
			}
		},
		{
			"from": [6, 0, 6],
			"to": [10, 16, 10],
			"faces": {
				"north": {"uv": [12, 0, 16, 16], "texture": "#1"},
				"east": {"uv": [12, 0, 16, 16], "texture": "#1"},
				"south": {"uv": [12, 0, 16, 16], "texture": "#1"},
				"west": {"uv": [12, 0, 16, 16], "texture": "#1"},
				"up": {"uv": [0, 6, 4, 10], "texture": "#0"},
				"down": {"uv": [0, 6, 4, 10], "texture": "#0", "cullface": "down"}
			}
		},
		{
			"from": [6.5, 17, 6.5],
			"to": [9.5, 17.5, 9.5],
			"faces": {
				"north": {"uv": [4, 13, 4.5, 16], "rotation": 90, "texture": "#0", "cullface": "up"},
				"east": {"uv": [4, 13, 4.5, 16], "rotation": 90, "texture": "#0", "cullface": "up"},
				"south": {"uv": [4, 13, 4.5, 16], "rotation": 90, "texture": "#0", "cullface": "up"},
				"west": {"uv": [4, 13, 4.5, 16], "rotation": 90, "texture": "#0", "cullface": "up"}
			}
		},
		{
			"from": [6, 17.5, 6],
			"to": [10, 19, 10],
			"faces": {
				"north": {"uv": [0, 6, 4, 7.5], "texture": "#0", "cullface": "up"},
				"east": {"uv": [0, 6, 4, 7.5], "texture": "#0", "cullface": "up"},
				"south": {"uv": [0, 6, 4, 7.5], "texture": "#0", "cullface": "up"},
				"west": {"uv": [0, 6, 4, 7.5], "texture": "#0", "cullface": "up"},
				"up": {"uv": [0, 6, 4, 10], "texture": "#0", "cullface": "up"},
				"down": {"uv": [0, 6, 4, 10], "texture": "#0", "cullface": "up"}
			}
		},
		{
			"from": [6, 16, 6],
			"to": [10, 17, 10],
			"faces": {
				"north": {"uv": [0, 6, 4, 7], "texture": "#0", "cullface": "up"},
				"east": {"uv": [0, 6, 4, 7], "texture": "#0", "cullface": "up"},
				"south": {"uv": [0, 6, 4, 7], "texture": "#0", "cullface": "up"},
				"west": {"uv": [0, 6, 4, 7], "texture": "#0", "cullface": "up"},
				"up": {"uv": [0, 6, 4, 10], "texture": "#0", "cullface": "up"}
			}
		}
	]
}