{
	"parent": "block/block",
	"textures": {
		"0": "block/warped_fence",
		"2": "block/warped_fence1"
	},
	"elements": [
		{
			"from": [8, 13.5, 6.25],
			"to": [14, 16, 9.75],
			"faces": {
				"north": {"uv": [7, 10, 9.5, 16], "rotation": 270, "texture": "#0"},
				"south": {"uv": [7, 0, 9.5, 6], "rotation": 270, "texture": "#0"},
				"up": {"uv": [0, 0, 3.5, 6], "rotation": 270, "texture": "#0"},
				"down": {"uv": [0, 0, 3.5, 6], "rotation": 270, "texture": "#0"}
			}
		},
		{
			"from": [2, 13.5, 6.25],
			"to": [8, 16, 9.75],
			"faces": {
				"north": {"uv": [7, 0, 9.5, 6], "rotation": 270, "texture": "#0", "cullface": "west"},
				"south": {"uv": [7, 10, 9.5, 16], "rotation": 270, "texture": "#0", "cullface": "east"},
				"up": {"uv": [0, 0, 3.5, 6], "rotation": 90, "texture": "#0"},
				"down": {"uv": [0, 0, 3.5, 6], "rotation": 90, "texture": "#0"}
			}
		},
		{
			"from": [9.5, 12, 6.75],
			"to": [12, 13.5, 9.25],
			"rotation": {"angle": 0, "axis": "y", "origin": [5.5, 8, 8]},
			"faces": {
				"north": {"uv": [4.5, 11, 7, 12.5], "texture": "#0"},
				"east": {"uv": [4.5, 11, 7, 12.5], "texture": "#0"},
				"south": {"uv": [4.5, 11, 7, 12.5], "texture": "#0"},
				"west": {"uv": [4.5, 11, 7, 12.5], "texture": "#0"},
				"down": {"uv": [0.5, 7, 3, 9.5], "rotation": 180, "texture": "#0"}
			}
		},
		{
			"from": [4.25, 12, 6.75],
			"to": [6.75, 13.5, 9.25],
			"rotation": {"angle": 0, "axis": "y", "origin": [0.25, 8, 8]},
			"faces": {
				"north": {"uv": [4.5, 11, 7, 12.5], "texture": "#0"},
				"east": {"uv": [4.5, 11, 7, 12.5], "texture": "#0"},
				"south": {"uv": [4.5, 11, 7, 12.5], "texture": "#0"},
				"west": {"uv": [4.5, 11, 7, 12.5], "texture": "#0"},
				"down": {"uv": [0.5, 7, 3, 9.5], "rotation": 180, "texture": "#0"}
			}
		},
		{
			"from": [9.5, 10.5, 6.75],
			"to": [12, 11.5, 9.25],
			"rotation": {"angle": 0, "axis": "y", "origin": [5.5, 8, 8]},
			"faces": {
				"north": {"uv": [4.5, 13, 7, 14], "texture": "#0"},
				"east": {"uv": [4.5, 13, 7, 14], "texture": "#0"},
				"south": {"uv": [4.5, 13, 7, 14], "texture": "#0"},
				"west": {"uv": [4.5, 13, 7, 14], "texture": "#0"},
				"up": {"uv": [0.5, 7, 3, 9.5], "rotation": 180, "texture": "#0"},
				"down": {"uv": [0.5, 7, 3, 9.5], "rotation": 180, "texture": "#0"}
			}
		},
		{
			"from": [4.25, 10.5, 6.75],
			"to": [6.75, 11.5, 9.25],
			"rotation": {"angle": 0, "axis": "y", "origin": [0.25, 8, 8]},
			"faces": {
				"north": {"uv": [4.5, 13, 7, 14], "texture": "#0"},
				"east": {"uv": [4.5, 13, 7, 14], "texture": "#0"},
				"south": {"uv": [4.5, 13, 7, 14], "texture": "#0"},
				"west": {"uv": [4.5, 13, 7, 14], "texture": "#0"},
				"up": {"uv": [0.5, 7, 3, 9.5], "rotation": 180, "texture": "#0"},
				"down": {"uv": [0.5, 7, 3, 9.5], "rotation": 180, "texture": "#0"}
			}
		},
		{
			"from": [9.5, 0, 6.75],
			"to": [12, 2, 9.25],
			"rotation": {"angle": 0, "axis": "y", "origin": [5.5, 8, 8]},
			"faces": {
				"north": {"uv": [4.5, 14, 7, 16], "texture": "#0"},
				"east": {"uv": [4.5, 14, 7, 16], "texture": "#0"},
				"south": {"uv": [4.5, 14, 7, 16], "texture": "#0"},
				"west": {"uv": [4.5, 14, 7, 16], "texture": "#0"},
				"up": {"uv": [0.5, 7, 3, 9.5], "rotation": 180, "texture": "#0"},
				"down": {"uv": [0.5, 7, 3, 9.5], "rotation": 180, "texture": "#0", "cullface": "down"}
			}
		},
		{
			"from": [4.25, 0, 6.75],
			"to": [6.75, 2, 9.25],
			"rotation": {"angle": 0, "axis": "y", "origin": [0.25, 8, 8]},
			"faces": {
				"north": {"uv": [4.5, 14, 7, 16], "texture": "#0"},
				"east": {"uv": [4.5, 14, 7, 16], "texture": "#0"},
				"south": {"uv": [4.5, 14, 7, 16], "texture": "#0"},
				"west": {"uv": [4.5, 14, 7, 16], "texture": "#0"},
				"up": {"uv": [0.5, 7, 3, 9.5], "rotation": 180, "texture": "#0"},
				"down": {"uv": [0.5, 7, 3, 9.5], "rotation": 180, "texture": "#0", "cullface": "down"}
			}
		},
		{
			"from": [9.5, 6, 6.75],
			"to": [12, 10, 9.25],
			"rotation": {"angle": 0, "axis": "y", "origin": [5.5, 8, 8]},
			"faces": {
				"north": {"uv": [7, 6, 9.5, 10], "texture": "#0"},
				"east": {"uv": [7, 6, 9.5, 10], "texture": "#0"},
				"south": {"uv": [7, 6, 9.5, 10], "texture": "#0"},
				"west": {"uv": [7, 6, 9.5, 10], "texture": "#0"},
				"up": {"uv": [0.5, 7, 3, 9.5], "rotation": 180, "texture": "#0"},
				"down": {"uv": [0.5, 7, 3, 9.5], "rotation": 180, "texture": "#0"}
			}
		},
		{
			"from": [4.25, 6, 6.75],
			"to": [6.75, 10, 9.25],
			"rotation": {"angle": 0, "axis": "y", "origin": [0.25, 8, 8]},
			"faces": {
				"north": {"uv": [7, 6, 9.5, 10], "texture": "#0"},
				"east": {"uv": [7, 6, 9.5, 10], "texture": "#0"},
				"south": {"uv": [7, 6, 9.5, 10], "texture": "#0"},
				"west": {"uv": [7, 6, 9.5, 10], "texture": "#0"},
				"up": {"uv": [0.5, 7, 3, 9.5], "rotation": 180, "texture": "#0"},
				"down": {"uv": [0.5, 7, 3, 9.5], "rotation": 180, "texture": "#0"}
			}
		},
		{
			"from": [10, 2, 7.25],
			"to": [11.5, 12, 8.75],
			"rotation": {"angle": 0, "axis": "y", "origin": [5.5, 8, 8]},
			"faces": {
				"north": {"uv": [7, 0, 5.5, 10], "texture": "#0"},
				"east": {"uv": [7, 0, 5.5, 10], "texture": "#0"},
				"south": {"uv": [7, 0, 5.5, 10], "texture": "#0"},
				"west": {"uv": [7, 0, 5.5, 10], "texture": "#0"}
			}
		},
		{
			"from": [4.75, 2, 7.25],
			"to": [6.25, 12, 8.75],
			"rotation": {"angle": 0, "axis": "y", "origin": [0.25, 8, 8]},
			"faces": {
				"north": {"uv": [7, 0, 5.5, 10], "texture": "#0"},
				"east": {"uv": [7, 0, 5.5, 10], "texture": "#0"},
				"south": {"uv": [7, 0, 5.5, 10], "texture": "#0"},
				"west": {"uv": [7, 0, 5.5, 10], "texture": "#0"}
			}
		},
		{
			"from": [14, 0, 6],
			"to": [18, 16, 10],
			"rotation": {"angle": 0, "axis": "y", "origin": [16, 8, 8]},
			"faces": {
				"north": {"uv": [12, 0, 16, 16], "texture": "#2"},
				"east": {"uv": [12, 0, 16, 16], "texture": "#2"},
				"south": {"uv": [12, 0, 16, 16], "texture": "#2"},
				"west": {"uv": [12, 0, 16, 16], "texture": "#2"},
				"up": {"uv": [0, 6, 4, 10], "texture": "#0"},
				"down": {"uv": [0, 6, 4, 10], "texture": "#0", "cullface": "down"}
			}
		},
		{
			"from": [14.5, 17, 6.5],
			"to": [17.5, 17.5, 9.5],
			"rotation": {"angle": 0, "axis": "y", "origin": [16, 8, 8]},
			"faces": {
				"north": {"uv": [4, 13, 4.5, 16], "rotation": 90, "texture": "#0", "cullface": "up"},
				"east": {"uv": [4, 13, 4.5, 16], "rotation": 90, "texture": "#0", "cullface": "up"},
				"south": {"uv": [4, 13, 4.5, 16], "rotation": 90, "texture": "#0", "cullface": "up"},
				"west": {"uv": [4, 13, 4.5, 16], "rotation": 90, "texture": "#0", "cullface": "up"}
			}
		},
		{
			"from": [14, 17.5, 6],
			"to": [18, 19, 10],
			"rotation": {"angle": 0, "axis": "y", "origin": [16, 8, 8]},
			"faces": {
				"north": {"uv": [0, 6, 4, 7.5], "texture": "#0", "cullface": "up"},
				"east": {"uv": [0, 6, 4, 7.5], "texture": "#0", "cullface": "up"},
				"south": {"uv": [0, 6, 4, 7.5], "texture": "#0", "cullface": "up"},
				"west": {"uv": [0, 6, 4, 7.5], "texture": "#0", "cullface": "up"},
				"up": {"uv": [0, 6, 4, 10], "texture": "#0", "cullface": "up"},
				"down": {"uv": [0, 6, 4, 10], "texture": "#0", "cullface": "up"}
			}
		},
		{
			"from": [14, 16, 6],
			"to": [18, 17, 10],
			"rotation": {"angle": 0, "axis": "y", "origin": [16, 8, 8]},
			"faces": {
				"north": {"uv": [0, 6, 4, 7], "texture": "#0", "cullface": "up"},
				"east": {"uv": [0, 6, 4, 7], "texture": "#0", "cullface": "up"},
				"south": {"uv": [0, 6, 4, 7], "texture": "#0", "cullface": "up"},
				"west": {"uv": [0, 6, 4, 7], "texture": "#0", "cullface": "up"},
				"up": {"uv": [0, 6, 4, 10], "texture": "#0", "cullface": "up"}
			}
		},
		{
			"from": [-2, 0, 6],
			"to": [2, 16, 10],
			"rotation": {"angle": 0, "axis": "y", "origin": [0, 8, 8]},
			"faces": {
				"north": {"uv": [12, 0, 16, 16], "texture": "#2"},
				"east": {"uv": [12, 0, 16, 16], "texture": "#2"},
				"south": {"uv": [12, 0, 16, 16], "texture": "#2"},
				"west": {"uv": [12, 0, 16, 16], "texture": "#2"},
				"up": {"uv": [0, 6, 4, 10], "texture": "#0"},
				"down": {"uv": [0, 6, 4, 10], "texture": "#0", "cullface": "down"}
			}
		},
		{
			"from": [-1.5, 17, 6.5],
			"to": [1.5, 17.5, 9.5],
			"rotation": {"angle": 0, "axis": "y", "origin": [0, 8, 8]},
			"faces": {
				"north": {"uv": [4, 13, 4.5, 16], "rotation": 90, "texture": "#0", "cullface": "up"},
				"east": {"uv": [4, 13, 4.5, 16], "rotation": 90, "texture": "#0", "cullface": "up"},
				"south": {"uv": [4, 13, 4.5, 16], "rotation": 90, "texture": "#0", "cullface": "up"},
				"west": {"uv": [4, 13, 4.5, 16], "rotation": 90, "texture": "#0", "cullface": "up"}
			}
		},
		{
			"from": [-2, 17.5, 6],
			"to": [2, 19, 10],
			"rotation": {"angle": 0, "axis": "y", "origin": [0, 8, 8]},
			"faces": {
				"north": {"uv": [0, 6, 4, 7.5], "texture": "#0", "cullface": "up"},
				"east": {"uv": [0, 6, 4, 7.5], "texture": "#0", "cullface": "up"},
				"south": {"uv": [0, 6, 4, 7.5], "texture": "#0", "cullface": "up"},
				"west": {"uv": [0, 6, 4, 7.5], "texture": "#0", "cullface": "up"},
				"up": {"uv": [0, 6, 4, 10], "texture": "#0", "cullface": "up"},
				"down": {"uv": [0, 6, 4, 10], "texture": "#0", "cullface": "up"}
			}
		},
		{
			"from": [-2, 16, 6],
			"to": [2, 17, 10],
			"rotation": {"angle": 0, "axis": "y", "origin": [0, 8, 8]},
			"faces": {
				"north": {"uv": [0, 6, 4, 7], "texture": "#0", "cullface": "up"},
				"east": {"uv": [0, 6, 4, 7], "texture": "#0", "cullface": "up"},
				"south": {"uv": [0, 6, 4, 7], "texture": "#0", "cullface": "up"},
				"west": {"uv": [0, 6, 4, 7], "texture": "#0", "cullface": "up"},
				"up": {"uv": [0, 6, 4, 10], "texture": "#0", "cullface": "up"}
			}
		}
	],
	"display": {
		"gui": {
			"rotation": [30, 45, 0],
			"translation": [0, -0.75, 0],
			"scale": [0.63, 0.63, 0.63]
		}
	}
}
