{
	"parent": "./cit_item",
	"textures": {
		"0": "./cookie_0"
	},
	"elements": [
		{
			"from": [4.5, 1, 4.5],
			"to": [8.5, 2, 8.5],
			"faces": {
				"north": {"uv": [0, 4, 4, 5], "texture": "#0"},
				"east": {"uv": [0, 4, 4, 5], "texture": "#0"},
				"south": {"uv": [0, 4, 4, 5], "texture": "#0"},
				"west": {"uv": [0, 4, 4, 5], "texture": "#0"},
				"up": {"uv": [0, 0, 4, 4], "texture": "#0"},
				"down": {"uv": [0, 0, 4, 4], "texture": "#0"}
			}
		},
		{
			"from": [7.5, 0.9, 5.5],
			"to": [11.5, 1.9, 9.5],
			"faces": {
				"north": {"uv": [0, 4, 4, 5], "texture": "#0"},
				"east": {"uv": [0, 4, 4, 5], "texture": "#0"},
				"south": {"uv": [0, 4, 4, 5], "texture": "#0"},
				"west": {"uv": [0, 4, 4, 5], "texture": "#0"},
				"up": {"uv": [0, 0, 4, 4], "texture": "#0"},
				"down": {"uv": [0, 0, 4, 4], "texture": "#0"}
			}
		},
		{
			"from": [7.5, 3, 5.5],
			"to": [11.5, 4, 9.5],
			"faces": {
				"north": {"uv": [0, 4, 4, 5], "texture": "#0"},
				"east": {"uv": [0, 4, 4, 5], "texture": "#0"},
				"south": {"uv": [0, 4, 4, 5], "texture": "#0"},
				"west": {"uv": [0, 4, 4, 5], "texture": "#0"},
				"up": {"uv": [0, 0, 4, 4], "rotation": 90, "texture": "#0"},
				"down": {"uv": [0, 0, 4, 4], "rotation": 90, "texture": "#0"}
			}
		},
		{
			"from": [5.5, 2, 7.5],
			"to": [9.5, 3, 11.5],
			"faces": {
				"north": {"uv": [0, 4, 4, 5], "texture": "#0"},
				"east": {"uv": [0, 4, 4, 5], "texture": "#0"},
				"south": {"uv": [0, 4, 4, 5], "texture": "#0"},
				"west": {"uv": [0, 4, 4, 5], "texture": "#0"},
				"up": {"uv": [0, 0, 4, 4], "rotation": 180, "texture": "#0"},
				"down": {"uv": [0, 0, 4, 4], "rotation": 180, "texture": "#0"}
			}
		},
		{
			"from": [5, 9, 5],
			"to": [11, 10, 11],
			"faces": {
				"north": {"uv": [9, 8, 15, 9], "texture": "#0"},
				"east": {"uv": [9, 8, 15, 9], "texture": "#0"},
				"south": {"uv": [9, 8, 15, 9], "texture": "#0"},
				"west": {"uv": [9, 8, 15, 9], "texture": "#0"}
			}
		},
		{
			"from": [4, 0, 4],
			"to": [12, 9, 12],
			"faces": {
				"north": {"uv": [0, 7, 8, 16], "texture": "#0"},
				"east": {"uv": [0, 7, 8, 16], "texture": "#0"},
				"south": {"uv": [0, 7, 8, 16], "texture": "#0"},
				"west": {"uv": [0, 7, 8, 16], "texture": "#0"},
				"up": {"uv": [8, 8, 16, 16], "texture": "#0"},
				"down": {"uv": [8, 8, 16, 16], "texture": "#0"}
			}
		},
		{
			"from": [4.5, 10, 4.5],
			"to": [11.5, 12, 11.5],
			"faces": {
				"north": {"uv": [0, 5, 7, 7], "texture": "#0"},
				"east": {"uv": [0, 5, 7, 7], "texture": "#0"},
				"south": {"uv": [0, 5, 7, 7], "texture": "#0"},
				"west": {"uv": [0, 5, 7, 7], "texture": "#0"},
				"up": {"uv": [9, 0, 16, 7], "texture": "#0"},
				"down": {"uv": [9, 0, 16, 7], "texture": "#0"}
			}
		}
	]
}