{
	"ambientocclusion": false,
	"textures": {
		"vine": "block/vine",
		"vine0": "block/vine_0",
		"vine1": "block/vine_1",
		"particle": "block/vine"
	},
	"elements": [
		{
			"from": [0, 0, 15.2],
			"to": [16, 16, 15.2],
			"shade": false,
			"faces": {
				"north": {"uv": [0, 0, 16, 16], "texture": "#vine"},
				"south": {"uv": [0, 0, 16, 16], "texture": "#vine"}
			}
		},
		{
			"from": [0, 0, 14.2],
			"to": [16, 16, 14.2],
			"shade": false,
			"faces": {
				"north": {"uv": [0, 0, 16, 16], "texture": "#vine0"},
				"south": {"uv": [0, 0, 16, 16], "texture": "#vine0"}
			}
		},
		{
			"from": [0, 0, 13.2],
			"to": [16, 16, 13.2],
			"shade": false,
			"faces": {
				"north": {"uv": [0, 0, 16, 16], "texture": "#vine1"},
				"south": {"uv": [0, 0, 16, 16], "texture": "#vine1"}
			}
		}
	]
}