{
	"ambientocclusion": false,
	"textures": {
		"vine0": "block/vine_0",
		"vine1": "block/vine_1",
		"vine": "block/vine",
		"particle": "block/vine"
	},
	"elements": [
		{
			"from": [13.2, 0, 0],
			"to": [13.2, 16, 16],
			"shade": false,
			"faces": {
				"east": {"uv": [0, 0, 16, 16], "texture": "#vine1"},
				"west": {"uv": [0, 0, 16, 16], "texture": "#vine1"}
			}
		},
		{
			"from": [14.2, 0, 0],
			"to": [14.2, 16, 16],
			"shade": false,
			"faces": {
				"east": {"uv": [0, 0, 16, 16], "texture": "#vine0"},
				"west": {"uv": [0, 0, 16, 16], "texture": "#vine0"}
			}
		},
		{
			"from": [2.8, 0, 0],
			"to": [2.8, 16, 16],
			"shade": false,
			"faces": {
				"east": {"uv": [0, 0, 16, 16], "texture": "#vine1"},
				"west": {"uv": [0, 0, 16, 16], "texture": "#vine1"}
			}
		},
		{
			"from": [1.8, 0, 0],
			"to": [1.8, 16, 16],
			"shade": false,
			"faces": {
				"east": {"uv": [0, 0, 16, 16], "texture": "#vine0"},
				"west": {"uv": [0, 0, 16, 16], "texture": "#vine0"}
			}
		},
		{
			"from": [15.2, 0, 0],
			"to": [15.2, 16, 16],
			"shade": false,
			"faces": {
				"east": {"uv": [0, 0, 16, 16], "texture": "#vine"},
				"west": {"uv": [0, 0, 16, 16], "texture": "#vine"}
			}
		},
		{
			"from": [0.8, 0, 0],
			"to": [0.8, 16, 16],
			"shade": false,
			"faces": {
				"east": {"uv": [0, 0, 16, 16], "texture": "#vine"},
				"west": {"uv": [0, 0, 16, 16], "texture": "#vine"}
			}
		}
	]
}