{
	"credit": "Made with Blockbench",
	"textures": {
		"particle": "block/snow",
		"4": "block/snow",
		"5": "block/grass_block_snow_alt"
	},
	"elements": [
		{
			"from": [0, 0, 0],
			"to": [16, 16, 16],
			"faces": {
				"north": {"uv": [0, 0, 16, 16], "texture": "#4", "cullface": "north"},
				"east": {"uv": [0, 0, 16, 16], "texture": "#4", "cullface": "east"},
				"south": {"uv": [0, 0, 16, 16], "texture": "#4", "cullface": "south"},
				"west": {"uv": [0, 0, 16, 16], "texture": "#4", "cullface": "west"},
				"up": {"uv": [0, 0, 16, 16], "texture": "#4", "cullface": "up"},
				"down": {"uv": [0, 0, 16, 16], "texture": "#4", "cullface": "down"}
			}
		},
		{
			"from": [0.005, -16, 0.005],
			"to": [15.995, 0, 15.995],
			"faces": {
				"north": {"uv": [0, 0, 16, 16], "texture": "#5", "cullface": "north"},
				"east": {"uv": [0, 0, 16, 16], "texture": "#5", "cullface": "east"},
				"south": {"uv": [0, 0, 16, 16], "texture": "#5", "cullface": "south"},
				"west": {"uv": [0, 0, 16, 16], "texture": "#5", "cullface": "west"}
			}
		}
	]
}